Index,Institutions,Countries/Regions,Web of Science Documents,Cites,Cites/Paper,Top Papers,Latitude,Longitude
1,CHINESE ACADEMY OF SCIENCES,CHINA,16679,259505,15.56,273,39.9093367,116.3297146
2,UNIVERSITY OF CALIFORNIA SYSTEM,USA,7975,141335,17.72,95,37.8022107,-122.271391
3,TSINGHUA UNIVERSITY,CHINA,7763,133814,17.24,165,40.0022905,116.320963
4,SOUTHEAST UNIVERSITY - CHINA,CHINA,5943,117528,19.78,144,35.0,105.0
5,XIDIAN UNIVERSITY,CHINA,7249,115682,15.96,140,34.1251589,108.8289653
6,UNIVERSITY OF ELECTRONIC SCIENCE & TECHNOLOGY OF CHINA,CHINA,6395,115377,18.04,177,30.6735474,104.0962727
7,NANYANG TECHNOLOGICAL UNIVERSITY,SINGAPORE,4864,114915,23.63,160,1.3484104,103.6829332
8,CENTRE NATIONAL DE LA RECHERCHE SCIENTIFIQUE (CNRS),FRANCE,9929,112434,11.32,78,47.839964,1.943371
9,SWISS FEDERAL INSTITUTES OF TECHNOLOGY DOMAIN,SWITZERLAND,3447,103994,30.17,34,47.00016,8.01427
10,UNIVERSITY OF TEXAS SYSTEM,USA,4940,102658,20.78,107,32.868567,-117.228836
11,INDIAN INSTITUTE OF TECHNOLOGY SYSTEM (IIT SYSTEM),INDIA,8285,98797,11.92,56,22.0,79.0
12,UNIVERSITY OF LONDON,ENGLAND,5077,97882,19.28,138,51.5218979,-0.1288676
13,HUAZHONG UNIVERSITY OF SCIENCE & TECHNOLOGY,CHINA,5055,96591,19.11,76,30.5202172,114.4118463
14,NATIONAL UNIVERSITY OF SINGAPORE,SINGAPORE,3314,89880,27.12,116,1.2962018,103.7768977
15,ZHEJIANG UNIVERSITY,CHINA,6443,89274,13.86,87,30.521595,120.7195312
16,BEIJING UNIVERSITY OF POSTS & TELECOMMUNICATIONS,CHINA,6247,88435,14.16,97,39.9602014,116.3519348
17,SHANGHAI JIAO TONG UNIVERSITY,CHINA,5862,85648,14.61,96,31.2008911,121.4283949
18,ETH ZURICH,SWITZERLAND,2043,83787,41.01,25,47.413218,8.5374914
19,NATIONAL INSTITUTE OF TECHNOLOGY (NIT SYSTEM),INDIA,7348,82601,11.24,53,22.0,79.0
20,GOOGLE INCORPORATED,USA,1369,82479,60.25,35,34.396756,-84.432811
21,HARBIN INSTITUTE OF TECHNOLOGY,CHINA,5054,77465,15.33,96,45.741589,126.6255626
22,CITY UNIVERSITY OF HONG KONG,HONG KONG,3625,76615,21.14,87,22.3400204,114.1697166
23,WUHAN UNIVERSITY,CHINA,4210,74062,17.59,90,30.537354,114.3615203
24,UNIVERSITY OF WISCONSIN SYSTEM,USA,1248,73142,58.61,17,43.0756117,-89.4066909
25,DALIAN UNIVERSITY OF TECHNOLOGY,CHINA,3793,72572,19.13,88,38.8812564,121.52016
26,KING ABDULAZIZ UNIVERSITY,SAUDI ARABIA,2726,72540,26.61,93,21.4934146,39.2485449
27,UNIVERSITY SYSTEM OF GEORGIA,USA,3537,72336,20.45,59,32.75042,-83.50018
28,UNIVERSITY OF TECHNOLOGY SYDNEY,AUSTRALIA,2986,72067,24.13,95,-33.8832537,151.2003294
29,BEIHANG UNIVERSITY,CHINA,4898,71466,14.59,68,39.9809427,116.3409787
30,UNIVERSITY OF WISCONSIN MADISON,USA,978,69350,70.91,14,43.0802745,-89.4309587
31,STATE UNIVERSITY SYSTEM OF FLORIDA,USA,3973,67796,17.06,52,28.045053,-82.426189
32,EGYPTIAN KNOWLEDGE BANK (EKB),EGYPT,4974,66950,13.46,57,27.0,30.0
33,CENTRAL SOUTH UNIVERSITY,CHINA,3490,66822,19.15,77,35.0,105.0
34,ISLAMIC AZAD UNIVERSITY,IRAN,4179,65821,15.75,49,34.8367247,48.5619786
35,UNIVERSITY OF NEW SOUTH WALES SYDNEY,AUSTRALIA,2924,62975,21.54,75,-33.9170173,151.2251677
36,SOUTH CHINA UNIVERSITY OF TECHNOLOGY,CHINA,3453,62616,18.13,78,23.160342,113.3372426
37,PENNSYLVANIA COMMONWEALTH SYSTEM OF HIGHER EDUCATION (PCSHE),USA,3079,61478,19.97,34,40.696298,-77.995133
38,UNIV PARIS SACLAY COMUE,,3544,59864,16.89,67,18.78378,100.77899
39,UNIVERSITY OF CHINESE ACADEMY OF SCIENCES CAS,CHINA,5202,59711,11.48,61,35.0,105.0
40,MCMASTER UNIVERSITY,CANADA,620,59404,95.81,8,43.2639397,-79.9178252
41,HONG KONG POLYTECHNIC UNIVERSITY,HONG KONG,3250,59307,18.25,80,22.3027119,114.178059
42,SHENZHEN UNIVERSITY,CHINA,3306,59210,17.91,74,22.5359022,113.9314749
43,UNIV BRETAGNE LOIRE,,4922,58757,11.94,45,18.78378,100.77899
44,BEIJING INSTITUTE OF TECHNOLOGY,CHINA,3977,58376,14.68,70,39.9578214,116.3098237
45,UNIVERSITY OF SCIENCE & TECHNOLOGY OF CHINA CAS,CHINA,3883,58010,14.94,67,35.0,105.0
46,NORTHWESTERN POLYTECHNICAL UNIVERSITY,CHINA,3830,57871,15.11,70,34.2469224,108.9106235
47,SUN YAT SEN UNIVERSITY,CHINA,3755,56686,15.1,66,23.0996033,113.2923509
48,NANJING UNIVERSITY OF INFORMATION SCIENCE & TECHNOLOGY,CHINA,2592,55724,21.5,74,32.2037624,118.7078265
49,NORTHEASTERN UNIVERSITY - CHINA,CHINA,3449,55617,16.13,63,41.7634632,123.4117577
50,TIANJIN UNIVERSITY,CHINA,3478,54581,15.69,63,39.1072533,117.1778978
51,XI'AN JIAOTONG UNIVERSITY,CHINA,3635,54036,14.87,42,31.2721733,120.7367903
52,UNIVERSITY OF TORONTO,CANADA,1753,53979,30.79,30,43.663462,-79.3977597
53,SICHUAN UNIVERSITY,CHINA,3021,53947,17.86,63,30.5601863,103.9973029
54,UNIVERSITY OF BRITISH COLUMBIA,CANADA,1895,52748,27.84,54,49.2578314,-123.246242
55,HUNAN UNIVERSITY,CHINA,2825,51096,18.09,62,28.183548,112.9413466
56,TONGJI UNIVERSITY,CHINA,3077,50653,16.46,54,31.2847393,121.4969491
57,PEKING UNIVERSITY,CHINA,3270,49318,15.08,59,40.1733653,116.15722
58,IMPERIAL COLLEGE LONDON,ENGLAND,2266,49304,21.76,58,51.4989595,-0.1756407
59,UNIVERSITE PARIS SACLAY,FRANCE,2776,49268,17.75,62,48.7118307,2.1716058
60,HUAWEI TECHNOLOGIES,CHINA,2224,48891,21.98,52,31.2617971,121.6243165
61,UNIVERSITY OF SYDNEY,AUSTRALIA,2228,48485,21.76,62,-33.8889073,151.1894111
62,MASSACHUSETTS INSTITUTE OF TECHNOLOGY (MIT),USA,2504,47896,19.13,41,42.3582529,-71.0966272
63,STATE UNIVERSITY OF NEW YORK (SUNY) SYSTEM,USA,2785,47401,17.02,44,47.662374,-122.290702
64,HONG KONG UNIVERSITY OF SCIENCE & TECHNOLOGY,HONG KONG,2237,46727,20.89,52,22.3358031,114.2659088
65,NATIONAL UNIVERSITY OF DEFENSE TECHNOLOGY - CHINA,CHINA,4000,46686,11.67,47,35.0,105.0
66,UNITED STATES DEPARTMENT OF ENERGY (DOE),USA,2724,46670,17.13,32,38.021371,-85.910603
67,GRIFFITH UNIVERSITY,AUSTRALIA,626,46317,73.99,32,-27.9633383,153.384692
68,PRINCETON UNIVERSITY,USA,1438,46154,32.1,69,40.3386752,-74.6583655
69,UNIVERSITY OF MACAU,MACAU,1783,46013,25.81,65,22.1284604,113.5438378
70,STANFORD UNIVERSITY,USA,2193,45677,20.83,56,37.4313138,-122.1693654
71,NANJING UNIVERSITY OF POSTS & TELECOMMUNICATIONS,CHINA,3274,45234,13.82,51,32.1152716,118.9259566
72,KING SAUD UNIVERSITY,SAUDI ARABIA,2477,44255,17.87,52,24.7248229,46.6233911
73,NANJING UNIVERSITY OF SCIENCE & TECHNOLOGY,CHINA,2679,44056,16.44,58,32.031826,118.8521427
74,UNIVERSITY OF CALIFORNIA BERKELEY,USA,1553,43963,28.31,24,37.8754996,-122.2390685
75,BEIJING JIAOTONG UNIVERSITY,CHINA,3243,43925,13.54,42,39.9504404,116.336069
76,INSTITUTE OF AUTOMATION CAS,CHINA,2099,43661,20.8,52,35.0,105.0
77,UNIVERSITY COLLEGE LONDON,ENGLAND,2194,43052,19.62,53,51.524203,-0.1330007
78,UNIVERSITY OF WATERLOO,CANADA,2295,42707,18.61,56,43.473362,-80.5412782
79,UNIVERSITY OF TEXAS AUSTIN,USA,1526,42280,27.71,37,30.2851494,-97.7339352
80,UNIVERSITY SYSTEM OF OHIO,USA,2705,42254,15.62,42,41.489895,-81.539839
81,OPENAI,USA,10,42056,4205.6,2,37.7622102,-122.4104396
82,NANJING UNIVERSITY OF AERONAUTICS & ASTRONAUTICS,CHINA,3158,41194,13.04,42,32.037419,118.8153537
83,UNIVERSITY OF GRANADA,SPAIN,1417,40879,28.85,63,37.1827211,-3.6056278
84,GEORGIA INSTITUTE OF TECHNOLOGY,USA,2090,40593,19.42,38,33.7760948,-84.3988077
85,UNIVERSITY OF ILLINOIS SYSTEM,USA,2402,39610,16.49,39,37.570304,-77.537784
86,CHINESE UNIVERSITY OF HONG KONG,HONG KONG,2026,39544,19.52,39,22.4137195,114.2098955
87,CHONGQING UNIVERSITY,CHINA,2667,39277,14.73,46,29.5699826,106.4597701
88,NANJING UNIVERSITY,CHINA,2718,39232,14.43,45,32.0565957,118.7740883
89,VIRGINIA POLYTECHNIC INSTITUTE & STATE UNIVERSITY,USA,1607,38488,23.95,46,37.2219268,-80.4272818
90,AALTO UNIVERSITY,FINLAND,1606,38263,23.83,39,60.1860789,24.8281021
91,UNIVERSITE PARIS CITE,FRANCE,2514,38077,15.15,46,48.8514684,2.341089
92,GUANGDONG UNIVERSITY OF TECHNOLOGY,CHINA,1869,38055,20.36,66,23.0414169,113.3874652
93,DEAKIN UNIVERSITY,AUSTRALIA,1798,37465,20.84,40,-37.8475136,145.1149474
94,MONASH UNIVERSITY,AUSTRALIA,1979,37278,18.84,34,-37.7839745,144.9586743
95,CARNEGIE MELLON UNIVERSITY,USA,2191,37082,16.92,31,40.4441897,-79.9427192
96,SHANDONG UNIVERSITY,CHINA,3055,36785,12.04,32,36.3655393,120.6845859
97,UNIVERSITY OF CAMBRIDGE,ENGLAND,1546,36044,23.31,38,52.2109456,0.092005
98,UNIVERSITY OF OXFORD,ENGLAND,1850,35929,19.42,29,51.7587075,-1.2556685
99,SOUTHWEST JIAOTONG UNIVERSITY,CHINA,2011,35231,17.52,39,30.6968576,104.0473356
100,XIAMEN UNIVERSITY,CHINA,1937,34724,17.93,38,24.4399419,118.0930178
101,MICROSOFT,USA,1990,34711,17.44,35,37.3974949,-122.0842646
102,HEFEI UNIVERSITY OF TECHNOLOGY,CHINA,2037,34411,16.89,42,31.8467475,117.2905389
103,THAPAR INSTITUTE OF ENGINEERING & TECHNOLOGY,INDIA,1638,34356,20.97,33,30.3545336,76.3657969
104,UNIVERSITI MALAYA,MALAYSIA,1354,34181,25.24,35,3.1257602,101.6558796
105,UNIVERSITY OF MELBOURNE,AUSTRALIA,1634,34166,20.91,30,-37.8038271,144.9597056
106,COMMONWEALTH SCIENTIFIC & INDUSTRIAL RESEARCH ORGANISATION (CSIRO),AUSTRALIA,1665,33898,20.36,39,,
107,COLUMBIA UNIVERSITY,USA,1445,33706,23.33,30,40.8077558,-73.9616141
108,CONSIGLIO NAZIONALE DELLE RICERCHE (CNR),ITALY,2268,33673,14.85,27,44.4242871,8.8817623
109,CHINA UNIVERSITY OF GEOSCIENCES,CHINA,1677,32595,19.44,30,30.5253902,114.3938048
110,UNIVERSITY OF MANCHESTER,ENGLAND,1431,31920,22.31,35,53.4660226,-2.2330858
111,COMSATS UNIVERSITY ISLAMABAD (CUI),PAKISTAN,2067,31823,15.4,20,33.72148,73.04329
112,UNIVERSITY OF SCIENCE & TECHNOLOGY BEIJING,CHINA,1820,31749,17.44,37,39.9902333,116.3531753
113,UNIVERSITY OF SURREY,ENGLAND,1208,31578,26.14,53,51.2430782,-0.5900545
114,UNIVERSITY OF HONG KONG,HONG KONG,1602,31554,19.7,33,22.2826975,114.138455
115,SINGAPORE UNIVERSITY OF TECHNOLOGY & DESIGN,SINGAPORE,1246,31492,25.27,41,1.341603,103.9643433
116,TECHNICAL UNIVERSITY OF MUNICH,GERMANY (FED REP GER),2098,31180,14.86,30,48.14912,11.56729
117,INRIA,FRANCE,2791,31098,11.14,26,45.2175024,5.8073421
118,SHANGHAI UNIVERSITY,CHINA,2162,30993,14.34,30,31.3159206,121.3880243
119,HARVARD UNIVERSITY,USA,1698,30942,18.22,30,42.3657432,-71.1222139
120,QUEEN MARY UNIVERSITY LONDON,ENGLAND,1186,30660,25.85,63,51.5247138,-0.0393104
121,QATAR FOUNDATION (QF),QATAR,1191,30578,25.67,31,25.3128825,51.4354448
122,MICHIGAN STATE UNIVERSITY,USA,1029,30523,29.66,35,42.7023794,-84.4803869
123,PURDUE UNIVERSITY SYSTEM,USA,2092,30372,14.52,21,32.285869,-106.74746
124,VELLORE INSTITUTE OF TECHNOLOGY (VIT),INDIA,2334,30074,12.89,31,12.8420997,80.155307
125,UNIVERSITY OF ALBERTA,CANADA,1621,30041,18.53,32,53.52682,-113.5244937
126,PURDUE UNIVERSITY,USA,2065,30029,14.54,21,40.430028,-86.9264211
127,UNIVERSITY OF SOUTHERN CALIFORNIA,USA,1525,30020,19.69,25,34.0218689,-118.2858579
128,SWINBURNE UNIVERSITY OF TECHNOLOGY,AUSTRALIA,1102,30006,27.23,60,-37.8205585,145.0385763
129,IMT - INSTITUT MINES-TELECOM,FRANCE,2333,29892,12.81,18,47.2820667,-1.5212245
130,UNIVERSITY OF SOUTHAMPTON,ENGLAND,1245,29833,23.96,41,50.9617568,-1.4239975
131,INSTITUT POLYTECHNIQUE DE PARIS,FRANCE,2254,29472,13.08,16,48.7139028,2.2141074
132,UNIVERSITY OF TEHRAN,IRAN,1410,29334,20.8,36,35.7045839,51.394761
133,CHONGQING UNIVERSITY OF POSTS & TELECOMMUNICATIONS,CHINA,2133,29227,13.7,45,29.5338483,106.6040892
134,GUANGZHOU UNIVERSITY,CHINA,1784,28984,16.25,41,23.0354279,113.3886082
135,UNIVERSITY OF NORTH CAROLINA,USA,1573,28906,18.38,23,35.9050353,-79.0477533
136,MINIST EDUC,,2203,28848,13.09,27,18.78378,100.77899
137,UNIVERSITE DE MONTREAL,CANADA,1524,28718,18.84,22,45.5047577,-73.6145418
138,UNIVERSITY OF OULU,FINLAND,1187,28346,23.88,44,65.0593277,25.4673577
139,UNIVERSITY OF ADELAIDE,AUSTRALIA,913,28314,31.01,40,-34.9189226,138.6042367
140,UNIVERSITY SYSTEM OF MARYLAND,USA,1854,28251,15.24,25,39.6428235,-77.7210172
141,TECHNICAL UNIVERSITY OF DENMARK,DENMARK,849,28148,33.15,18,55.7854145,12.5202151
142,AGENCY FOR SCIENCE TECHNOLOGY & RESEARCH (A*STAR),SINGAPORE,1231,27975,22.73,30,1.28967,103.85007
143,NEW YORK UNIVERSITY,USA,1389,27769,19.99,32,40.7292053,-73.9950148
144,UNIVERSITY OF CALIFORNIA IRVINE,USA,1158,27666,23.89,18,33.6458956,-117.842799
145,SEJONG UNIVERSITY,SOUTH KOREA,1284,27519,21.43,41,37.550848,127.0746074
146,CHINA UNIVERSITY OF MINING & TECHNOLOGY,CHINA,1802,27232,15.11,29,34.2146056,117.1380776
147,HOHAI UNIVERSITY,CHINA,1616,27055,16.74,25,32.0576549,118.7550027
148,UNIVERSITY OF CALIFORNIA SAN DIEGO,USA,1419,26697,18.81,28,32.8792438,-117.2311247
149,DELFT UNIVERSITY OF TECHNOLOGY,NETHERLANDS,1816,26662,14.68,14,51.9988273,4.3739604
150,KOREA UNIVERSITY,SOUTH KOREA,2037,26458,12.99,23,36.6108894,127.2934174
151,UNIVERSITY OF QUEBEC,CANADA,1625,26435,16.27,22,52.00017,-71.99907
152,PENG CHENG LABORATORY,CHINA,2089,26329,12.6,53,22.5751276,113.9383373
153,UNIVERSITY OF BIRMINGHAM,ENGLAND,792,26138,33.0,23,52.4522956,-1.9312857
154,QATAR UNIVERSITY,QATAR,1120,26122,23.32,41,25.3719714,51.4879579
155,KYUNG HEE UNIVERSITY,SOUTH KOREA,1225,26039,21.26,52,37.5971213,127.0519867
156,DALIAN MARITIME UNIVERSITY,CHINA,1207,25976,21.52,43,38.8701106,121.5230701
157,KING ABDULLAH UNIVERSITY OF SCIENCE & TECHNOLOGY,SAUDI ARABIA,1385,25934,18.72,14,22.3223754,39.1173835
158,LANCASTER UNIVERSITY,ENGLAND,906,25899,28.59,27,54.0098429,-2.7875768
159,VIT VELLORE,INDIA,1757,25863,14.72,29,12.9697279,79.1606943
160,HANGZHOU DIANZI UNIVERSITY,CHINA,2002,25794,12.88,29,30.3033132,120.3741385
161,FUDAN UNIVERSITY,CHINA,2258,25758,11.41,23,31.3011648,121.4980876
162,HELMHOLTZ ASSOCIATION,GERMANY (FED REP GER),1741,25712,14.77,24,51.5,10.5
163,ANHUI UNIVERSITY,CHINA,1582,25700,16.25,28,31.8471874,117.2501341
164,BEIJING UNIVERSITY OF TECHNOLOGY,CHINA,2157,25207,11.69,28,39.8739143,116.4772024
165,UNIVERSITY OF HOUSTON,USA,1185,25204,21.27,34,29.7207902,-95.3440627
165,UNIVERSITY OF HOUSTON SYSTEM,USA,1185,25204,21.27,34,37.570304,-77.537784
167,UNIVERSITY OF FLORIDA,USA,1464,24829,16.96,16,29.6411884,-82.3562296
168,KU LEUVEN,BELGIUM,1538,24669,16.04,22,50.8057128,3.2915374
169,ROYAL MELBOURNE INSTITUTE OF TECHNOLOGY (RMIT),AUSTRALIA,1278,24556,19.21,25,-25.0,135.0
170,UNIVERSITY OF TEXAS AT SAN ANTONIO (UTSA),USA,1108,24506,22.12,29,,
171,TEXAS A&M UNIVERSITY SYSTEM,USA,1615,24432,15.13,18,,
172,KOREA ADVANCED INSTITUTE OF SCIENCE & TECHNOLOGY (KAIST),SOUTH KOREA,2011,24400,12.13,12,36.3697191,127.362537
173,CARLETON UNIVERSITY,CANADA,1171,24303,20.75,36,45.3858581,-75.6950041
174,UNIVERSITAT POLITECNICA DE CATALUNYA,SPAIN,2070,24221,11.7,8,41.82046,1.86768
175,TEMPLE UNIVERSITY,USA,760,24210,31.86,14,39.981188,-75.1562828
176,BRUNEL UNIVERSITY,ENGLAND,865,23994,27.74,28,51.5326092,-0.4740499
177,YONSEI UNIVERSITY,SOUTH KOREA,1741,23650,13.58,35,37.2800965,127.901503
178,SHENZHEN INSTITUTE OF ADVANCED TECHNOLOGY CAS,CHINA,1297,23601,18.2,29,35.0,105.0
179,POLYTECHNIC UNIVERSITY OF MILAN,ITALY,1655,23574,14.24,24,45.4798585,9.2282438
180,LINKOPING UNIVERSITY,SWEDEN,782,23556,30.12,40,58.3977911,15.5754544
181,UNIVERSITY OF PADUA,ITALY,1158,23495,20.29,21,45.40797,11.88586
182,ARIZONA STATE UNIVERSITY,USA,1276,23313,18.27,17,33.4213174,-111.9331631
183,SOUTHWEST UNIVERSITY - CHINA,CHINA,1268,23235,18.32,29,35.0,105.0
184,ROYAL INSTITUTE OF TECHNOLOGY,SWEDEN,1461,23178,15.86,18,59.3498665,18.0706321
185,UNIVERSITY OF MISSOURI SYSTEM,USA,1155,23146,20.04,20,37.570304,-77.537784
186,UNIVERSITY OF EDINBURGH,SCOTLAND,1445,23011,15.92,24,55.9440764,-3.1883736
187,QINGDAO UNIVERSITY,CHINA,953,22865,23.99,46,36.0759764,120.4129131
188,CONCORDIA UNIVERSITY - CANADA,CANADA,1323,22628,17.1,14,45.49741,-73.5771
189,UNIVERSITY OF MICHIGAN SYSTEM,USA,1663,22502,13.53,22,42.4387744,-83.3760919
190,UNIVERSITY OF WASHINGTON,USA,1242,22399,18.03,23,47.6554303,-122.3001692
191,AUSTRALIAN NATIONAL UNIVERSITY,AUSTRALIA,975,22346,22.92,23,-35.2813935,149.1171451
192,KING'S COLLEGE LONDON,ENGLAND,1168,22264,19.06,26,51.5030855,-0.0900021
193,UNIVERSITY OF MICHIGAN,USA,1618,22182,13.71,22,42.2942142,-83.7100389
194,PENNSYLVANIA STATE UNIVERSITY,USA,1386,22085,15.93,12,40.8025835,-77.8559383
195,UNIVERSITI TEKNOLOGI MALAYSIA,MALAYSIA,1090,21961,20.15,20,1.5585222,103.6399138
196,INSTITUTE OF INFORMATION ENGINEERING CAS,CHINA,1443,21865,15.15,15,35.0,105.0
197,FUZHOU UNIVERSITY,CHINA,1542,21687,14.06,16,26.0614068,119.1933416
198,AMIRKABIR UNIVERSITY OF TECHNOLOGY,IRAN,1507,21630,14.35,9,35.704462,51.4095924
199,NOKIA CORPORATION,FINLAND,790,21545,27.27,28,64.0,26.0
200,UNIVERSITY OF ILLINOIS URBANA-CHAMPAIGN,USA,1681,21541,12.81,15,40.0761545,-88.2233134
201,UNIVERSITY OF WASHINGTON SEATTLE,USA,1124,21353,19.0,22,47.6554303,-122.3001692
202,UNIVERSITY OF ERLANGEN NUREMBERG,GERMANY (FED REP GER),979,21319,21.78,34,49.45421,11.07752
203,SUNGKYUNKWAN UNIVERSITY (SKKU),SOUTH KOREA,1317,21287,16.16,23,37.5870459,126.9906264
204,SOUTHERN UNIVERSITY OF SCIENCE & TECHNOLOGY,CHINA,1322,20919,15.82,33,22.5956365,113.9955519
205,INTERNATIONAL BUSINESS MACHINES (IBM),USA,1542,20911,13.56,18,44.0615993,-92.5019132
206,WENZHOU UNIVERSITY,CHINA,508,20814,40.97,50,27.9214179,120.6486998
207,ARIZONA STATE UNIVERSITY-TEMPE,USA,1194,20776,17.4,16,33.4213174,-111.9331631
208,NATIONAL TAIWAN UNIVERSITY OF SCIENCE & TECHNOLOGY,TAIWAN,1137,20534,18.06,17,25.013411,121.5416198
209,UNIVERSITY OF MARYLAND COLLEGE PARK,USA,1292,20384,15.78,17,38.9904124,-76.9438586
210,SORBONNE UNIVERSITE,FRANCE,1360,20331,14.95,13,48.8379885,2.3611216
211,A*STAR - INSTITUTE FOR INFOCOMM RESEARCH (I2R),SINGAPORE,738,20270,27.47,22,1.28967,103.85007
212,NEW JERSEY INSTITUTE OF TECHNOLOGY,USA,966,20163,20.87,19,40.7421254,-74.1790316
213,TON DUC THANG UNIVERSITY,VIETNAM,773,20038,25.92,20,10.7320052,106.6984654
214,GHENT UNIVERSITY,BELGIUM,1576,20020,12.7,12,51.0078484,3.7108831
215,UNIVERSITY OF BRISTOL,ENGLAND,789,19959,25.3,21,51.4905582,-2.6304825
216,DUY TAN UNIVERSITY,VIETNAM,654,19815,30.3,27,16.16667,107.83333
217,UNIVERSITY OF OSLO,NORWAY,841,19814,23.56,25,59.9414173,10.7227683
218,ECOLE POLYTECHNIQUE FEDERALE DE LAUSANNE,SWITZERLAND,1400,19485,13.92,9,46.5186594,6.5665615
219,ZHEJIANG UNIVERSITY OF TECHNOLOGY,CHINA,1346,19212,14.27,27,30.2211974,120.0154776
220,UNIVERSITY OF MINNESOTA SYSTEM,USA,1154,19205,16.64,20,37.570304,-77.537784
221,UNIVERSITY OF WARWICK,ENGLAND,1112,19095,17.17,27,52.3813073,-1.5639569
222,UNIVERSITY OF CALIFORNIA DAVIS,USA,1141,18937,16.6,12,38.5337904,-121.7907544
223,UNIVERSITY OF LUXEMBOURG,LUXEMBOURG,1133,18931,16.71,24,49.5036259,5.9487155
224,MAX PLANCK SOCIETY,GERMANY (FED REP GER),1119,18900,16.89,19,51.5,10.5
225,CORNELL UNIVERSITY,USA,1023,18896,18.47,20,42.4529076,-76.4800842
226,JILIN UNIVERSITY,CHINA,1886,18814,9.98,16,43.880146,125.301151
227,UNIVERSITY OF MINNESOTA TWIN CITIES,USA,1091,18563,17.01,20,44.9863392,-93.1794558
228,SHANDONG UNIVERSITY OF SCIENCE & TECHNOLOGY,CHINA,1236,18507,14.97,21,36.0014644,120.1163655
229,HARBIN ENGINEERING UNIVERSITY,CHINA,1516,18503,12.21,19,45.7748896,126.6764826
230,MACQUARIE UNIVERSITY,AUSTRALIA,964,18443,19.13,15,-33.774197,151.1127327
231,TOHOKU UNIVERSITY,JAPAN,706,18229,25.82,23,38.2541921,140.8407024
232,UNIVERSIDADE DE SAO PAULO,BRAZIL,1362,18160,13.33,10,-23.5652201,-46.712583
233,EAST CHINA NORMAL UNIVERSITY,CHINA,1579,18125,11.48,20,31.2284923,121.4021139
234,DE MONTFORT UNIVERSITY,ENGLAND,545,17972,32.98,30,52.6304717,-1.1402281
235,WUHAN UNIVERSITY OF TECHNOLOGY,CHINA,1363,17958,13.18,18,30.608988,114.3514267
236,SHANDONG NORMAL UNIVERSITY,CHINA,993,17927,18.05,27,36.5414035,116.8264091
237,INDIAN INSTITUTE OF TECHNOLOGY (IIT) - KHARAGPUR,INDIA,1380,17919,12.98,13,22.3144275,87.310392
238,QUEENS UNIVERSITY BELFAST,NORTHERN IRELAND,773,17881,23.13,19,54.5839495,-5.9328105
239,AALBORG UNIVERSITY,DENMARK,1074,17782,16.56,14,57.015907,9.9753082
240,TEXAS A&M UNIVERSITY COLLEGE STATION,USA,1266,17680,13.97,11,30.6108618,-96.3520606
241,TEXAS A&M UNIVERSITY QATAR,QATAR,531,17674,33.28,17,25.3147411,51.43903
242,INSTITUTE OF COMPUTING TECHNOLOGY CAS,CHINA,1473,17652,11.98,17,35.0,105.0
243,EINDHOVEN UNIVERSITY OF TECHNOLOGY,NETHERLANDS,1484,17593,11.86,8,51.4486602,5.4903996
244,NANKAI UNIVERSITY,CHINA,1114,17543,15.75,32,38.9874344,117.339411
245,ASIA UNIVERSITY TAIWAN,TAIWAN,857,17538,20.46,22,23.5,121.0
246,PENNSYLVANIA STATE UNIVERSITY - UNIVERSITY PARK,USA,934,17529,18.77,9,40.8025835,-77.8559383
247,UNIVERSITY OF WOLLONGONG,AUSTRALIA,1052,17472,16.61,17,-34.4050554,150.8783465
248,SEOUL NATIONAL UNIVERSITY (SNU),SOUTH KOREA,1594,17388,10.91,10,37.458115,126.9521607
249,ARMY ENGINEERING UNIVERSITY OF PLA,CHINA,1355,17297,12.77,10,35.0,105.0
250,UNIVERSITY OF ILLINOIS CHICAGO,USA,682,17249,25.29,22,41.8689223,-87.6485848
251,UNIVERSITY OF ILLINOIS CHICAGO HOSPITAL,USA,678,17157,25.31,22,41.8697173,-87.670463
252,EAST CHINA UNIVERSITY OF SCIENCE & TECHNOLOGY,CHINA,969,17132,17.68,24,31.1456519,121.4241403
253,YANGZHOU UNIVERSITY,CHINA,740,17116,23.13,17,32.3441707,119.3946419
254,OHIO STATE UNIVERSITY,USA,1022,16936,16.57,13,40.7988105,-82.5782294
255,SHARIF UNIVERSITY OF TECHNOLOGY,IRAN,1322,16854,12.75,13,35.7025215,51.3517293
256,UNIVERSITY OF SHEFFIELD,ENGLAND,950,16820,17.71,21,53.3815042,-1.4833688
257,SAMSUNG,SOUTH KOREA,886,16730,18.88,9,35.8591129,128.6363421
258,INTEL CORPORATION,USA,1053,16636,15.8,12,30.2623934,-97.7934026
259,UNIVERSITY OF QUEENSLAND,AUSTRALIA,968,16581,17.13,15,-27.4981424,153.0111536
260,ZHENGZHOU UNIVERSITY,CHINA,1304,16485,12.64,24,34.8214567,113.5297412
261,UNIVERSITAT POLITECNICA DE VALENCIA,SPAIN,1579,16479,10.44,6,39.4808517,-0.3420311
262,UNIVERSITA DELLA SVIZZERA ITALIANA,SWITZERLAND,521,16474,31.62,7,46.0109126,8.9581205
263,UNIVERSITY OF MASSACHUSETTS SYSTEM,USA,1193,16405,13.75,8,37.570304,-77.537784
264,NGEE ANN POLYTECH,,209,16382,78.38,23,18.78378,100.77899
265,CHINA UNIVERSITY OF PETROLEUM,CHINA,1287,16368,12.72,23,35.9453575,120.1670032
266,UNIVERSITY OF PISA,ITALY,1050,16344,15.57,18,43.70853,10.4036
267,CHANGSHA UNIVERSITY OF SCIENCE & TECHNOLOGY,CHINA,725,16119,22.23,24,28.0705674,113.0029417
268,UNIVERSITY OF BOLOGNA,ITALY,1332,16089,12.08,10,44.4969952,11.3530763
269,GUILIN UNIVERSITY OF ELECTRONIC TECHNOLOGY,CHINA,1367,16079,11.76,14,21.4517069,109.171932
270,NORWEGIAN UNIVERSITY OF SCIENCE & TECHNOLOGY (NTNU),NORWAY,1249,16033,12.84,11,63.4480238,10.4536394
271,UTAH SYSTEM OF HIGHER EDUCATION,USA,1148,15971,13.91,7,34.222271,-91.986002
272,WESTERN UNIVERSITY (UNIVERSITY OF WESTERN ONTARIO),CANADA,765,15961,20.86,14,43.6624885,-79.4011671
273,CARDIFF UNIVERSITY,WALES,776,15950,20.55,21,51.4891343,-3.1822051
274,MACAU UNIVERSITY OF SCIENCE & TECHNOLOGY,MACAU,988,15876,16.07,16,22.1526454,113.568041
275,VANDERBILT UNIVERSITY,USA,570,15773,27.67,11,36.1438011,-86.8028189
276,UNIVERSITY OF OTTAWA,CANADA,1062,15748,14.83,19,45.4258095,-75.687365
277,UNIVERSITE DE TOULOUSE,FRANCE,1294,15716,12.15,9,43.6058532,1.440898
278,TECHNISCHE UNIVERSITAT WIEN,AUSTRIA,1572,15710,9.99,10,48.1989256,16.3698784
279,UNIVERSITY OF TEXAS DALLAS,USA,1041,15647,15.03,20,32.812043,-96.8417201
280,POLISH ACADEMY OF SCIENCES,POLAND,938,15551,16.58,13,52.2377936,21.0181978
281,UNIVERSITY OF CALIFORNIA LOS ANGELES,USA,1192,15548,13.04,11,34.0708777,-118.4468503
282,SHAHID BEHESHTI UNIVERSITY,IRAN,712,15511,21.79,5,35.8025136,51.3932697
283,UNIVERSITY OF JORDAN,JORDAN,454,15505,34.15,14,32.0134092,35.8733821
284,UNIVERSITY OF PITTSBURGH,USA,944,15468,16.39,9,40.444153,-79.962461
285,CALIFORNIA STATE UNIVERSITY SYSTEM,USA,1066,15385,14.43,10,35.125624,-118.021353
286,UNIVERSITY OF BASQUE COUNTRY,SPAIN,876,15354,17.53,20,43.0,-2.75
287,RUTGERS UNIVERSITY SYSTEM,USA,1048,15340,14.64,16,32.285869,-106.74746
288,JINAN UNIVERSITY,CHINA,1269,15327,12.08,20,23.1334847,113.3428181
289,LIAONING UNIVERSITY OF TECHNOLOGY,CHINA,270,15300,56.67,31,41.1420779,121.1183428
290,UNIVERSITY OF PENNSYLVANIA,USA,944,15255,16.16,21,39.9503945,-75.1946713
291,SINGAPORE MANAGEMENT UNIVERSITY,SINGAPORE,863,15240,17.66,18,1.296168,103.8500437
292,INDIAN INSTITUTE OF TECHNOLOGY (IIT) - DELHI,INDIA,930,15227,16.37,8,28.544997,77.1891506
293,RUTGERS UNIVERSITY NEW BRUNSWICK,USA,1029,15213,14.78,16,40.4976786,-74.4460046
294,LOS ALAMOS NATIONAL LABORATORY,USA,381,15198,39.89,7,39.642666,-78.888942
295,UNIVERSIDAD POLITECNICA DE MADRID,SPAIN,1430,15078,10.54,3,40.4486157,-3.719125
296,UNIV LYON COMUE,,1499,15075,10.06,8,18.78378,100.77899
297,UNIVERSITY OF NORTH CAROLINA CHAPEL HILL,USA,687,14948,21.76,7,35.9050353,-79.0477533
298,ARISTOTLE UNIVERSITY OF THESSALONIKI,GREECE,815,14931,18.32,10,40.6296704,22.9591611
299,UNIVERSITY AT BUFFALO SUNY,USA,819,14866,18.15,12,,
300,UNIVERSITY OF COLORADO SYSTEM,USA,998,14827,14.86,13,37.570304,-77.537784
301,UNIVERSITY OF NEWCASTLE,AUSTRALIA,568,14788,26.04,13,,
302,NATIONAL YANG MING CHIAO TUNG UNIVERSITY,TAIWAN,1617,14748,9.12,4,22.925322,120.293998
303,BOHAI UNIVERSITY,CHINA,285,14707,51.6,51,41.0842812,121.1130027
304,FUJIAN NORMAL UNIVERSITY,CHINA,915,14656,16.02,25,26.0443445,119.202569
305,UNIVERSITY OF EXETER,ENGLAND,620,14581,23.52,26,50.1701604,-5.1241802
305,SAPIENZA UNIVERSITY ROME,ITALY,1193,14581,12.22,13,41.89193,12.51133
307,TECHNICAL UNIVERSITY OF BERLIN,GERMANY (FED REP GER),1036,14546,14.04,20,52.5119,13.3264
308,NORTHUMBRIA UNIVERSITY,ENGLAND,582,14431,24.8,23,54.9787691,-1.6096401
309,MCGILL UNIVERSITY,CANADA,1027,14377,14.0,11,45.5068867,-73.5790855
310,UNIVERSITY OF JYVASKYLA,FINLAND,318,14365,45.17,5,62.2290279,25.7400369
311,DUKE UNIVERSITY,USA,824,14296,17.35,11,36.0001557,-78.9442297
312,ANNA UNIVERSITY,INDIA,1664,14160,8.51,6,11.0420716,76.8860315
313,UNIVERSIDADE DE LISBOA,PORTUGAL,1220,14149,11.6,8,38.7525379,-9.1568456
314,QUFU NORMAL UNIVERSITY,CHINA,684,14141,20.67,22,35.0,105.0
315,UNIVERSITY OF GEORGIA,USA,342,14126,41.3,4,33.9404278,-83.373049
316,IRAN UNIVERSITY SCIENCE & TECHNOLOGY,IRAN,1089,13999,12.85,7,35.7427943,51.5057405
317,RWTH AACHEN UNIVERSITY,GERMANY (FED REP GER),1147,13814,12.04,14,51.5,10.5
318,PRES EUROPEAN UNIV BRETAGNE,,1275,13789,10.81,9,18.78378,100.77899
319,ERICSSON,SWEDEN,739,13776,18.64,15,59.4029738,17.955609
320,CHALMERS UNIVERSITY OF TECHNOLOGY,SWEDEN,1018,13759,13.52,12,57.6897462,11.9765259
321,DONGHUA UNIVERSITY,CHINA,782,13734,17.56,20,31.206218,121.4105479
322,UNIVERSITY OF NAPLES FEDERICO II,ITALY,961,13716,14.27,6,42.83333,12.83333
323,UNIVERSITY OF AUCKLAND,NEW ZEALAND,917,13552,14.78,23,-36.8660955,174.7737331
324,UNIVERSITY OF ESSEX,ENGLAND,728,13545,18.61,12,51.8773639,0.9498751
325,NORTHWESTERN UNIVERSITY,USA,768,13501,17.58,9,42.0557157,-87.6752945
326,STELLENBOSCH UNIVERSITY,SOUTH AFRICA,178,13453,75.58,2,-33.9326212,18.8650551
327,NORTH CAROLINA STATE UNIVERSITY,USA,1059,13418,12.67,9,35.7708033,-78.6747332
328,UNIVERSIDADE DO PORTO,PORTUGAL,864,13406,15.52,11,41.1468934,-8.6157949
329,CHINA AGRICULTURAL UNIVERSITY,CHINA,953,13357,14.02,18,40.025228,116.2745405
330,UNIVERSITE DE RENNES,FRANCE,1246,13286,10.66,9,48.1193848,-1.701487
331,VICTORIA UNIVERSITY,AUSTRALIA,335,13195,39.39,16,-37.7524181,144.797936
332,UNIVERSITY OF LIVERPOOL,ENGLAND,922,13164,14.28,11,53.4072429,-2.9658337
333,UNIVERSIDAD CARLOS III DE MADRID,SPAIN,1096,13034,11.89,7,40.3150937,-3.7248793
334,SINGAPORE UNIVERSITY OF SOCIAL SCIENCES (SUSS),SINGAPORE,185,13019,70.37,23,1.3292738,103.7762131
335,CNRS - INSTITUTE FOR ENGINEERING & SYSTEMS SCIENCES (INSIS),FRANCE,973,13009,13.37,6,46.0,2.0
336,XI'AN INSTITUTE OF OPTICS & PRECISION MECHANICS CAS,CHINA,330,12940,39.21,13,35.0,105.0
337,NATIONAL UNIVERSITY OF SCIENCES & TECHNOLOGY - PAKISTAN,PAKISTAN,1043,12865,12.33,12,30.0,70.0
338,INTERUNIVERSITY MICROELECTRONICS CENTRE,BELGIUM,973,12863,13.22,7,50.75,4.5
339,STONY BROOK UNIVERSITY,USA,885,12859,14.53,14,40.9098832,-73.1215495
340,ISTANBUL TECHNICAL UNIVERSITY,TURKIYE,782,12834,16.41,14,41.1050465,29.0263114
341,SHAANXI NORMAL UNIVERSITY,CHINA,930,12829,13.79,10,34.1552785,108.8866313
342,QUEENSLAND UNIVERSITY OF TECHNOLOGY (QUT),AUSTRALIA,710,12798,18.03,15,-27.4512296,153.0162194
343,NATIONAL CHENG KUNG UNIVERSITY,TAIWAN,1205,12753,10.58,6,22.999099,120.2162295
344,RADBOUD UNIVERSITY NIJMEGEN,NETHERLANDS,488,12724,26.07,12,51.8215172,5.8634209
345,KING FAHD UNIVERSITY OF PETROLEUM & MINERALS,SAUDI ARABIA,762,12719,16.69,22,26.3053184,50.1506449
346,ECOLE DE TECHNOLOGIE SUPERIEURE - CANADA,CANADA,760,12706,16.72,15,,
347,UNIVERSIDAD DE JAEN,SPAIN,454,12705,27.98,14,37.7882087,-3.776634
348,SOOCHOW UNIVERSITY - CHINA,CHINA,1225,12693,10.36,13,35.0,105.0
349,THE CHINESE UNIVERSITY OF HONG KONG SHENZHEN,CHINA,743,12616,16.98,26,22.6910685,114.207366
350,JIANGNAN UNIVERSITY,CHINA,1070,12611,11.79,14,31.4851218,120.2673352
351,JOHNS HOPKINS UNIVERSITY,USA,804,12595,15.67,12,39.3302022,-76.6218536
352,TECHNION ISRAEL INSTITUTE OF TECHNOLOGY,ISRAEL,1321,12590,9.53,4,32.7768128,35.0225446
353,KHALIFA UNIVERSITY OF SCIENCE & TECHNOLOGY,UNITED ARAB EMIRATES,820,12578,15.34,10,23.75,54.5
354,NORTHEASTERN UNIVERSITY,USA,983,12413,12.63,10,42.3389545,-71.088058
355,HUAQIAO UNIVERSITY,CHINA,691,12409,17.96,8,24.6004712,118.0816574
356,TECHNICAL UNIVERSITY OF DARMSTADT,GERMANY (FED REP GER),923,12381,13.41,6,49.87167,8.65027
357,TAMPERE UNIVERSITY,FINLAND,807,12361,15.32,7,61.4934626,23.77895
358,UNIVERSITY OF GLASGOW,SCOTLAND,807,12338,15.29,12,55.8716587,-4.2883961
359,UNIVERSITY OF AMSTERDAM,NETHERLANDS,960,12294,12.81,13,52.3681334,4.8898042
360,VICTORIA UNIVERSITY WELLINGTON,NEW ZEALAND,517,12290,23.77,25,-41.2793942,174.7783525
361,ZAGAZIG UNIVERSITY,EGYPT,528,12236,23.17,14,30.5886074,31.4819297
362,UNIVERSITY OF CALABRIA,ITALY,704,12209,17.34,12,39.0,16.5
363,HONG KONG BAPTIST UNIVERSITY,HONG KONG,604,12168,20.15,16,22.3874181,114.2082235
364,ALCATEL-LUCENT,FRANCE,235,12154,51.72,11,43.6195884,7.0576893
365,UNIVERSITY OF SEVILLA,SPAIN,952,12142,12.75,3,37.38283,-5.97317
366,TECHNISCHE UNIVERSITAT DRESDEN,GERMANY (FED REP GER),884,12114,13.7,9,51.05089,13.73832
367,UNIVERSITY OF VICTORIA,CANADA,785,12055,15.36,11,48.4620599,-123.3114198
368,UNIVERSITY OF TOKYO,JAPAN,1360,12035,8.85,6,35.7160436,139.7643586
369,UNIVERSITY OF SHANGHAI FOR SCIENCE & TECHNOLOGY,CHINA,831,12034,14.48,10,31.2950161,121.5506739
370,UNIVERSITY OF QUEBEC MONTREAL,CANADA,710,12007,16.91,9,45.50008,-73.66588
371,POLYTECHNIC UNIVERSITY OF TURIN,ITALY,1106,11945,10.8,12,45.06455,7.65833
372,US DEPT HLTH HUMAN SERVICES,,572,11934,20.86,15,18.78378,100.77899
373,INDIAN INSTITUTE OF TECHNOLOGY (INDIAN SCHOOL OF MINES) DHANBAD,INDIA,753,11920,15.83,12,23.80199,86.44324
374,LOUGHBOROUGH UNIVERSITY,ENGLAND,613,11905,19.42,14,52.763845,-1.2372582
375,COMMUNAUTE UNIVERSITE GRENOBLE ALPES,FRANCE,1252,11899,9.5,10,46.0,2.0
376,BEN GURION UNIVERSITY,ISRAEL,1061,11752,11.08,16,31.2631254,34.8022385
377,UNIVERSITY OF KENTUCKY,USA,526,11747,22.33,14,38.0266291,-84.5047222
378,HAMAD BIN KHALIFA UNIVERSITY-QATAR,QATAR,629,11732,18.65,11,25.5,51.25
379,UNIVERSITY OF NEBRASKA SYSTEM,USA,761,11696,15.37,10,38.992516,-76.991021
380,UNIVERSITE PSL,FRANCE,773,11680,15.11,10,48.854654,2.3378386
381,UNIV LILLE NORD FRANCE COMUE,,1111,11664,10.5,6,47.37405,4.35857
382,NORTH CHINA ELECTRIC POWER UNIVERSITY,CHINA,718,11658,16.24,10,38.8760446,115.4973873
383,UNIVERSITY OF MUNICH,GERMANY (FED REP GER),504,11650,23.12,16,48.13743,11.57549
384,BEIJING NORMAL UNIVERSITY,CHINA,1023,11648,11.39,15,39.959732,116.359737
385,CAIRO UNIVERSITY,EGYPT,692,11637,16.82,9,30.0268119,31.2059186
386,SIMON FRASER UNIVERSITY,CANADA,833,11628,13.96,10,49.2767096,-122.917803
387,UNIVERSITE GRENOBLE ALPES (UGA),FRANCE,1217,11573,9.51,10,44.9341217,4.9030427
388,UNIVERSITY OF LEICESTER,ENGLAND,721,11569,16.05,17,52.6175241,-1.1377672
388,UNIVERSITY OF ARIZONA,USA,752,11569,15.38,7,33.4520517,-112.0636789
390,UNIVERSITY OF VIRGINIA,USA,631,11527,18.27,11,38.0410576,-78.5055084
391,SHANGHAI MARITIME UNIVERSITY,CHINA,765,11519,15.06,21,30.8769821,121.9002178
392,POMPEU FABRA UNIVERSITY,SPAIN,487,11489,23.59,6,40.0,-4.0
393,SOUTHWESTERN UNIVERSITY OF FINANCE & ECONOMICS - CHINA,CHINA,534,11422,21.39,20,35.0,105.0
394,LULEA UNIVERSITY OF TECHNOLOGY,SWEDEN,319,11409,35.76,16,65.6182538,22.1383085
395,UNIVERSITY OF SALERNO,ITALY,855,11369,13.3,10,40.67545,14.79328
396,YEUNGNAM UNIVERSITY,SOUTH KOREA,642,11357,17.69,9,35.8365403,128.7534309
397,OSAKA UNIVERSITY,JAPAN,922,11356,12.32,2,34.5111992,135.631448
398,UNITED STATES DEPARTMENT OF DEFENSE,USA,973,11351,11.67,4,38.021371,-85.910603
399,HARVARD UNIV MEDICAL AFFILIATES,,719,11291,15.7,13,18.78378,100.77899
400,YANSHAN UNIVERSITY,CHINA,1050,11274,10.74,5,36.6439319,117.062341
401,MINISTRY OF AGRICULTURE & RURAL AFFAIRS,CHINA,813,11248,13.84,15,39.9331167,116.4576852
402,GEORGIA STATE UNIVERSITY,USA,655,11218,17.13,9,33.7535889,-84.3854209
403,HANYANG UNIVERSITY,SOUTH KOREA,1186,11216,9.46,12,37.5557232,127.0436441
404,UNIVERSIDADE ESTADUAL DE CAMPINAS,BRAZIL,957,11181,11.68,7,-22.822656,-47.0627959
405,UNIVERSITY OF TENNESSEE SYSTEM,USA,665,11170,16.8,6,32.868567,-117.228836
406,LA TROBE UNIVERSITY,AUSTRALIA,663,11157,16.83,12,-36.1119046,146.8486497
407,STEVENS INSTITUTE OF TECHNOLOGY,USA,485,11155,23.0,12,40.7448096,-74.0252392
407,MEMORIAL UNIVERSITY NEWFOUNDLAND,CANADA,555,11155,20.1,17,47.5732831,-52.7351911
409,MISSOURI UNIVERSITY OF SCIENCE & TECHNOLOGY,USA,498,11150,22.39,11,37.9532435,-91.7742667
410,JIANGSU UNIVERSITY,CHINA,956,11108,11.62,8,32.2031869,119.5096476
411,POLYTECHNIQUE MONTREAL,CANADA,807,11094,13.75,9,45.5045875,-73.612996
412,NORTHWEST A&F UNIVERSITY - CHINA,CHINA,507,11002,21.7,6,35.0,105.0
413,NEWCASTLE UNIVERSITY - UK,ENGLAND,734,10933,14.9,11,52.16045,-0.70312
414,GRIFFITH COLL,,6,10920,1820.0,3,18.78378,100.77899
415,UNIVERSITY OF ALABAMA SYSTEM,USA,678,10819,15.96,8,38.992516,-76.991021
416,QUAID I AZAM UNIVERSITY,PAKISTAN,527,10786,20.47,7,33.74757,73.1365
417,IWATE PREFECTURAL UNIVERSITY,JAPAN,204,10773,52.81,15,39.80122,141.13758
418,INDIAN INSTITUTE OF TECHNOLOGY (IIT) - ROORKEE,INDIA,734,10756,14.65,3,29.8661656,77.8957348
419,INDIANA UNIVERSITY SYSTEM,USA,661,10713,16.21,7,45.575593,-122.717069
420,UNIVERSITY OF NOTRE DAME,USA,660,10703,16.22,6,41.7045677,-86.2382203
421,NATIONAL TAIWAN UNIVERSITY,TAIWAN,1102,10651,9.67,5,25.0168175,121.5384571
422,XI'AN UNIVERSITY OF POSTS & TELECOMMUNICATIONS,CHINA,893,10645,11.92,9,34.1555232,108.8981463
423,NATIONAL INSTITUTE OF TECHNOLOGY KURUKSHETRA,INDIA,535,10626,19.86,18,29.9457523,76.8160287
424,STATE KEY LABORATORY OF TRANSIENT OPTICS & PHOTONICS,CHINA,180,10597,58.87,11,35.0,105.0
424,UNIVERSITY OF STUTTGART,GERMANY (FED REP GER),755,10597,14.04,10,49.08333,9.66667
426,LANZHOU UNIVERSITY,CHINA,612,10577,17.28,15,36.0504988,103.8544558
427,MENOFIA UNIVERSITY,EGYPT,846,10556,12.48,5,27.0,30.0
428,UNIVERSITY COLLEGE DUBLIN,IRELAND,710,10518,14.81,18,53.3068763,-6.2246251
429,UNIVERSITY OF MANITOBA,CANADA,499,10475,20.99,13,55.00019,-97.00049
430,LEIBNIZ UNIVERSITY HANNOVER,GERMANY (FED REP GER),486,10417,21.43,19,52.37052,9.73322
431,NANCHANG UNIVERSITY,CHINA,680,10416,15.32,11,28.6612687,115.7975974
432,CHINA MEDICAL UNIVERSITY TAIWAN,TAIWAN,716,10380,14.5,17,23.5,121.0
433,UNIVERSITI SAINS MALAYSIA,MALAYSIA,662,10373,15.67,11,5.3574323,100.3035504
434,INDIAN STATISTICAL INSTITUTE,INDIA,722,10355,14.34,10,12.9323681,77.5043591
435,UNIVERSITY OF TEXAS ARLINGTON,USA,568,10351,18.22,9,32.7284713,-97.1120213
436,SWANSEA UNIVERSITY,WALES,546,10336,18.93,9,51.6192545,-3.8792745
437,HUNAN UNIVERSITY OF SCIENCE & TECHNOLOGY,CHINA,589,10328,17.53,6,27.9063746,112.9166685
438,KYUNGPOOK NATIONAL UNIVERSITY (KNU),SOUTH KOREA,791,10327,13.06,8,36.5,127.75
439,QILU UNIVERSITY OF TECHNOLOGY,CHINA,884,10313,11.67,17,36.5578144,116.805231
440,UTRECHT UNIVERSITY,NETHERLANDS,708,10284,14.53,11,52.0870179,5.1801005
441,INSTITUT NATIONAL DE LA SANTE ET DE LA RECHERCHE MEDICALE (INSERM),FRANCE,640,10249,16.01,8,42.698706,2.727327
442,MANCHESTER METROPOLITAN UNIVERSITY,ENGLAND,415,10201,24.58,16,53.4679043,-2.244861
443,OKLAHOMA STATE UNIVERSITY SYSTEM,USA,411,10169,24.74,16,32.285869,-106.74746
444,UNIVERSITY OF SOUTH FLORIDA,USA,621,10164,16.37,11,28.0599999,-82.4138362
445,FLORIDA ATLANTIC UNIVERSITY,USA,312,10154,32.54,10,26.1194037,-80.1416919
445,INDIAN STATISTICAL INSTITUTE KOLKATA,INDIA,686,10154,14.8,10,22.6491934,88.3763291
447,OCEAN UNIVERSITY OF CHINA,CHINA,692,10130,14.64,11,36.0636494,120.3329267
448,TALLINN UNIVERSITY OF TECHNOLOGY,ESTONIA,191,10122,52.99,1,59.3949741,24.6676189
448,HARVARD MEDICAL SCHOOL,USA,676,10122,14.97,11,42.3368318,-71.1038092
450,UNIVERSIDAD DE CHILE,CHILE,644,10097,15.68,11,,
451,UNIVERSITY OF TRENTO,ITALY,720,10075,13.99,7,46.0661497,11.1166232
452,UNIVERSITY OF ZURICH,SWITZERLAND,601,10055,16.73,11,47.4968435,8.7298072
453,TEL AVIV UNIVERSITY,ISRAEL,887,10015,11.29,11,32.1123822,34.805018
454,NATIONAL INSTITUTES OF HEALTH (NIH) - USA,USA,444,10002,22.53,12,39.649107,-78.893749
455,RUSSIAN ACADEMY OF SCIENCES,RUSSIA,2645,10001,3.78,3,55.7108089,37.5789699
456,UNIVERSITY OF COPENHAGEN,DENMARK,585,9987,17.07,10,55.6801502,12.572327
456,JADAVPUR UNIVERSITY,INDIA,778,9987,12.84,1,22.4995216,88.3711493
458,CONSEJO SUPERIOR DE INVESTIGACIONES CIENTIFICAS (CSIC),SPAIN,782,9979,12.76,5,40.4407145,-3.6874014
459,UNIVERSITY OF CALGARY,CANADA,839,9961,11.87,9,51.0750862,-114.1299504
460,UNIVERSITY OF SOUTH AUSTRALIA,AUSTRALIA,478,9955,20.83,4,-37.8062142,140.766463
461,TORONTO METROPOLITAN UNIVERSITY,CANADA,775,9951,12.84,9,43.6585342,-79.3784674
462,UNIVERSIDADE DE AVEIRO,PORTUGAL,640,9949,15.55,14,40.6320293,-8.6597957
463,OKLAHOMA STATE UNIVERSITY - STILLWATER,USA,401,9947,24.81,16,36.11561,-97.05837
464,NATIONAL TECHNICAL UNIVERSITY OF ATHENS,GREECE,713,9939,13.94,9,37.9878501,23.7318258
465,SHANXI UNIVERSITY,CHINA,579,9929,17.15,9,37.8001306,112.5816662
466,FRAUNHOFER GESELLSCHAFT,GERMANY (FED REP GER),668,9860,14.76,10,51.5,10.5
467,UNIVERSITY OF TENNESSEE KNOXVILLE,USA,573,9850,17.19,6,35.9515612,-83.93088
468,UNIVERSITY OF GUELPH,CANADA,369,9812,26.59,14,43.5351996,-80.2189334
469,STATE KEY LAB CRYPTOL,,571,9809,17.18,18,18.78378,100.77899
470,ANNA UNIVERSITY CHENNAI,INDIA,1246,9796,7.86,4,13.0105838,80.2353736
471,UNIVERSITY OF SASKATCHEWAN,CANADA,569,9762,17.16,6,52.1344194,-106.6277768
472,HERIOT WATT UNIVERSITY,SCOTLAND,434,9752,22.47,7,,
473,YORK UNIVERSITY - CANADA,CANADA,478,9749,20.4,5,43.6624885,-79.4011671
474,WUHAN UNIVERSITY OF SCIENCE & TECHNOLOGY,CHINA,568,9705,17.09,15,30.4455057,114.2572327
475,SHANGHAITECH UNIVERSITY,CHINA,561,9686,17.27,17,31.1794305,121.5902345
476,LUND UNIVERSITY,SWEDEN,503,9556,19.0,5,55.7126504,13.2107587
477,UNIVERSIDAD DE MALAGA,SPAIN,914,9530,10.43,6,36.7165576,-4.4953364
478,NATIONAL & KAPODISTRIAN UNIVERSITY OF ATHENS,GREECE,508,9528,18.76,11,37.97945,23.71622
479,NATIONAL SUN YAT SEN UNIVERSITY,TAIWAN,646,9513,14.73,9,22.6272,120.2666
480,UNIVERSITI KEBANGSAAN MALAYSIA,MALAYSIA,694,9503,13.69,7,2.9240809,101.7812216
481,SHANDONG UNIVERSITY OF FINANCE & ECONOMICS,CHINA,543,9500,17.5,6,36.6680241,117.3685089
482,SOUTH CHINA AGRICULTURAL UNIVERSITY,CHINA,605,9452,15.62,12,23.1612068,113.3481027
483,ELECTRONICS & TELECOMMUNICATIONS RESEARCH INSTITUTE - KOREA (ETRI),SOUTH KOREA,1361,9450,6.94,4,36.5,127.75
484,SYSTEMS RESEARCH INSTITUTE OF THE POLISH ACADEMY OF SCIENCES,POLAND,462,9434,20.42,8,52.0,20.0
485,BROWN UNIVERSITY,USA,443,9430,21.29,15,41.8186395,-71.4088009
486,UNIVERSITE DE LORRAINE,FRANCE,848,9425,11.11,4,,
487,UNIVERSITY OF CENTRAL FLORIDA,USA,712,9423,13.23,3,28.5989975,-81.197125
488,RIKEN,JAPAN,630,9385,14.9,29,35.780331,139.6126984
489,TARBIAT MODARES UNIVERSITY,IRAN,568,9354,16.47,10,35.7249689,51.3809632
490,MANSOURA UNIVERSITY,EGYPT,604,9353,15.49,14,31.0407772,31.3581295
491,NATIONAL TSING HUA UNIVERSITY,TAIWAN,834,9342,11.2,3,24.7916987,120.9924295
492,IOWA STATE UNIVERSITY,USA,701,9309,13.28,5,42.0279608,-93.6447375
493,INDIANA UNIVERSITY BLOOMINGTON,USA,556,9296,16.72,6,39.1802358,-86.5093526
494,AUBURN UNIVERSITY,USA,483,9281,19.22,15,32.5919528,-85.4959775
494,AUBURN UNIVERSITY SYSTEM,USA,483,9281,19.22,15,45.575593,-122.717069
496,MIDDLE EAST TECHNICAL UNIVERSITY,TURKIYE,667,9253,13.87,8,39.8754967,32.7855351
497,ZHEJIANG NORMAL UNIVERSITY,CHINA,575,9246,16.08,15,29.136745,119.6376144
498,XI'AN UNIVERSITY OF TECHNOLOGY,CHINA,814,9239,11.35,12,34.255083,108.9885686
499,SAINT FRANCIS XAVIER UNIVERSITY - CANADA,CANADA,339,9236,27.24,12,43.6624885,-79.4011671
500,UNIVERSITY OF UTAH,USA,836,9227,11.04,1,40.76495,-111.84855
501,KARLSRUHE INSTITUTE OF TECHNOLOGY,GERMANY (FED REP GER),814,9192,11.29,2,49.00944,8.41167
502,NANTONG UNIVERSITY,CHINA,712,9179,12.89,17,31.9747463,120.9077926
503,UNIVERSITY OF TWENTE,NETHERLANDS,656,9145,13.94,9,52.2493304,6.8511958
504,SUNY NEW PALTZ,USA,424,9124,21.52,4,41.7328368,-74.0888052
505,UNIVERSITY OF GOTTINGEN,GERMANY (FED REP GER),410,9104,22.2,4,51.53443,9.93228
506,ZHEJIANG GONGSHANG UNIVERSITY,CHINA,686,9074,13.23,13,30.2874377,120.1319505
507,UNIVERSITY OF GRONINGEN,NETHERLANDS,585,9046,15.46,7,53.2194415,6.5629863
508,UNIVERSITY OF NEBRASKA LINCOLN,USA,512,9033,17.64,8,40.8305567,-96.6697373
509,UNIVERSITY OF MISSOURI COLUMBIA,USA,412,9020,21.89,7,38.9364147,-92.329703
510,UNIVERSITE DE LILLE,FRANCE,824,9015,10.94,4,50.6285707,3.125956
511,LAVAL UNIVERSITY,CANADA,281,8933,31.79,5,50.4324913,-104.557312
512,ENTHOUGHT,,1,8919,8919.0,1,18.78378,100.77899
512,FRANCE IX SERV,,1,8919,8919.0,1,43.993355,-0.546843
512,MERCARI JP,,1,8919,8919.0,1,18.78378,100.77899
512,QUANSIGHT,,1,8919,8919.0,1,18.78378,100.77899
516,UNIVERSITY OF HELSINKI,FINLAND,721,8918,12.37,10,,
517,INRAE,FRANCE,538,8917,16.57,4,43.5272308,1.5010601
518,UNIVERSITY OF WESTERN AUSTRALIA,AUSTRALIA,528,8907,16.87,11,-31.9504045,115.7979016
519,TORRENS UNIVERSITY AUSTRALIA,AUSTRALIA,123,8896,72.33,19,-33.8839663,151.2089297
520,WASEDA UNIVERSITY,JAPAN,691,8895,12.87,19,35.70863,139.71958
521,KYOTO UNIVERSITY,JAPAN,924,8894,9.63,8,35.0234513,135.7798129
522,UNIVERSITY OF NORTH CAROLINA CHARLOTTE,USA,442,8866,20.06,8,35.3064945,-80.7349705
523,QUEENS UNIVERSITY - CANADA,CANADA,715,8862,12.39,6,43.6624885,-79.4011671
524,UNIVERSITY OF CHICAGO,USA,514,8841,17.2,7,41.7913968,-87.6008439
525,WASHINGTON STATE UNIVERSITY,USA,434,8837,20.36,8,46.7337716,-117.1498035
526,FLORIDA INTERNATIONAL UNIVERSITY,USA,486,8829,18.17,11,25.7553898,-80.3762833
527,VIETNAM NATIONAL UNIVERSITY HOCHIMINH CITY,VIETNAM,649,8820,13.59,7,10.82302,106.62965
528,CALIFORNIA INSTITUTE OF TECHNOLOGY,USA,519,8816,16.99,8,34.1370138,-118.1252883
529,UNIVERSITY OF IOWA,USA,377,8814,23.38,4,41.6311024,-91.540752
530,WASHINGTON UNIVERSITY (WUSTL),USA,479,8800,18.37,13,41.004621,-73.986445
531,AARHUS UNIVERSITY,DENMARK,733,8795,12.0,7,56.1670905,10.2026177
532,BAUHAUS-UNIVERSITAT WEIMAR,GERMANY (FED REP GER),202,8783,43.48,17,50.9803,11.32903
533,CHINA MOBILE,CHINA,395,8749,22.15,13,24.4734622,118.1016527
534,INSTITUT NATIONAL DES SCIENCES APPLIQUEES DE LYON - INSA LYON,FRANCE,778,8746,11.24,3,43.572006,1.468945
535,UNIVERSITY OF CALIFORNIA RIVERSIDE,USA,552,8706,15.77,4,33.9642567,-117.3397858
536,NOKIA BELL LABS,USA,324,8705,26.87,11,38.294523,-91.719611
537,UNIVERSITY OF DELAWARE,USA,481,8647,17.98,10,39.6803338,-75.7530749
538,UNIVERSITY OF NOTTINGHAM,ENGLAND,582,8643,14.85,3,52.9387428,-1.2002957
539,INSTITUTO DE TELECOMUNICACOES,PORTUGAL,421,8574,20.37,6,40.6340366,-8.6599295
540,WAYNE STATE UNIVERSITY,USA,410,8567,20.9,5,42.3572051,-83.0709498
541,UNIVERSITY OF TABRIZ,IRAN,564,8558,15.17,6,36.2753549,59.6114006
542,UNIVERSITY OF LEEDS,ENGLAND,611,8506,13.92,9,53.8067743,-1.5562878
543,NEW YORK UNIVERSITY TANDON SCHOOL OF ENGINEERING,USA,354,8467,23.92,11,37.570304,-77.537784
544,UNIV TOWN SHENZHEN,,540,8466,15.68,10,22.5851377,113.960283
545,TSINGHUA SHENZHEN INTERNATIONAL GRADUATE SCHOOL,CHINA,538,8456,15.72,10,22.5949598,113.9644015
546,DEEPMIND,,91,8451,92.87,12,18.78378,100.77899
547,BEIJING UNIVERSITY OF CHEMICAL TECHNOLOGY,CHINA,388,8397,21.64,16,39.9409743,116.2978139
548,ADOBE SYSTEMS INC.,USA,376,8388,22.31,3,34.678559,-93.027169
549,GRAZ UNIVERSITY OF TECHNOLOGY,AUSTRIA,584,8378,14.35,8,47.0582807,15.4602462
550,FACEBOOK INC,USA,389,8371,21.52,12,34.678559,-93.027169
551,YUNNAN UNIVERSITY,CHINA,784,8368,10.67,7,25.0547744,102.7030197
552,UNIVERSITY OF LJUBLJANA,SLOVENIA,558,8342,14.95,5,46.0744052,14.5141463
553,INSTITUT NATIONAL POLYTECHNIQUE DE GRENOBLE,FRANCE,915,8326,9.1,7,45.1908798,5.7169733
554,NANJING NORMAL UNIVERSITY,CHINA,602,8321,13.82,6,32.0550562,118.7621005
555,PLA INFORMATION ENGINEERING UNIVERSITY,CHINA,1367,8314,6.08,5,34.8166042,113.5671427
556,UNIVERSITE TOULOUSE III - PAUL SABATIER,FRANCE,791,8263,10.45,5,43.5642189,1.4665724
557,NATIONAL CENTRAL UNIVERSITY,TAIWAN,663,8260,12.46,8,24.9684181,121.191397
558,UNIV PARIS EST COMUE,,638,8255,12.94,5,18.78378,100.77899
559,UNIV NANTES ANGERS LE MANS,,651,8244,12.66,5,18.78378,100.77899
560,XI'AN JIAOTONG-LIVERPOOL UNIVERSITY,CHINA,524,8224,15.69,6,31.2757194,120.7354789
561,UNIVERSIDADE FEDERAL DE MINAS GERAIS,BRAZIL,741,8211,11.08,6,-19.8731763,-43.9738533
562,GEORGE MASON UNIVERSITY,USA,688,8194,11.91,7,38.8313333,-77.3079884
563,WAGENINGEN UNIVERSITY & RESEARCH,NETHERLANDS,320,8122,25.38,9,51.985445,5.663212
564,UNIVERSITY OF BERN,SWITZERLAND,354,8105,22.9,13,46.9509726,7.4386841
565,AT&T,USA,294,8095,27.53,7,36.5793042,-87.4088336
566,TAIYUAN UNIVERSITY OF SCIENCE & TECHNOLOGY,CHINA,379,8072,21.3,17,35.0,105.0
567,UNIVERSITY OF COLORADO BOULDER,USA,579,8050,13.9,5,39.9964767,-105.2487837
568,OLD DOMINION UNIVERSITY,USA,448,8028,17.92,7,36.8862699,-76.3097248
569,VRIJE UNIVERSITEIT AMSTERDAM,NETHERLANDS,733,8020,10.94,5,52.3340539,4.8651882
570,CLEMSON UNIVERSITY,USA,574,7988,13.92,7,34.6686915,-82.8374348
571,UNIVERSITY OF MUNSTER,GERMANY (FED REP GER),275,7982,29.03,1,51.96236,7.62571
571,LEIDEN UNIVERSITY,NETHERLANDS,519,7982,15.38,11,52.1686355,4.4597028
573,LOUISIANA STATE UNIVERSITY SYSTEM,USA,539,7963,14.77,17,32.286169,-106.74433
574,UNIVERSITY OF CASSINO,ITALY,103,7959,77.27,5,41.2850019,13.2437939
575,CENTRAL CHINA NORMAL UNIVERSITY,CHINA,757,7958,10.51,7,30.5204122,114.3562864
576,UNIVERSITY OF AIZU,JAPAN,444,7938,17.88,12,37.5236728,139.9380725
577,LIAOCHENG UNIVERSITY,CHINA,388,7935,20.45,10,36.4315957,115.9896675
578,UNIVERSITY OF YORK - UK,ENGLAND,646,7916,12.25,6,53.9593817,-1.0814175
579,TELECOM SUDPARIS,FRANCE,541,7903,14.61,4,48.6246849,2.4433005
580,INESC TEC,PORTUGAL,659,7864,11.93,4,41.1794412,-8.5952534
581,TAIF UNIVERSITY,SAUDI ARABIA,858,7844,9.14,9,21.4294716,40.4766272
582,INTERNATIONAL INSTITUTE OF INFORMATION TECHNOLOGY HYDERABAD,INDIA,324,7843,24.21,8,17.4454957,78.348547
583,UNIVERSIDADE DE COIMBRA,PORTUGAL,611,7831,12.82,3,40.207422,-8.4260033
584,NINGBO UNIVERSITY,CHINA,766,7829,10.22,10,29.9091815,121.6334863
585,ZHONGNAN UNIVERSITY OF ECONOMICS & LAW,CHINA,349,7815,22.39,9,30.4764327,114.3801799
586,UNIVERSITY OF BERGEN,NORWAY,671,7803,11.63,6,60.3688758,5.3511115
587,UNIVERSITY OF WINDSOR,CANADA,432,7802,18.06,15,42.3052014,-83.0664914
588,SAMSUNG ELECTRONICS,SOUTH KOREA,561,7799,13.9,5,36.7699807,127.0630792
589,SUPSI,,11,7794,708.55,1,18.78378,100.77899
590,UNIVERSITY OF CYPRUS,CYPRUS,476,7790,16.37,6,35.1434031,33.4140514
591,UPPSALA UNIVERSITY,SWEDEN,591,7779,13.16,12,59.8617859,17.6376705
592,SICHUAN NORMAL UNIVERSITY,CHINA,370,7778,21.02,9,30.6118915,104.1139202
593,WESTERN SYDNEY UNIVERSITY,AUSTRALIA,376,7763,20.65,8,-34.065433,150.7932545
594,UNIVERSITY OF FREIBURG,GERMANY (FED REP GER),316,7700,24.37,8,47.9959,7.85222
595,UNIVERSITY OF MASSACHUSETTS AMHERST,USA,649,7680,11.83,3,42.3869693,-72.5301847
596,MICROSOFT RESEARCH ASIA,CHINA,394,7679,19.49,12,35.0,105.0
597,JIANGXI UNIVERSITY OF FINANCE & ECONOMICS,CHINA,419,7661,18.28,4,35.0,105.0
598,GUANGXI NORMAL UNIVERSITY,CHINA,586,7654,13.06,8,25.2827818,110.2942408
599,FERDOWSI UNIVERSITY MASHHAD,IRAN,617,7630,12.37,3,36.3096482,59.5293728
600,FONDAZIONE BRUNO KESSLER,ITALY,394,7610,19.31,8,46.0674138,11.1505702
601,RESEARCH ORGANIZATION OF INFORMATION & SYSTEMS (ROIS),JAPAN,697,7603,10.91,6,35.68536,139.75309
602,INTERNATIONAL ISLAMIC UNIVERSITY PAKISTAN,PAKISTAN,430,7571,17.61,4,30.0,70.0
603,UNIVERSITE DE SFAX,TUNISIA,947,7544,7.97,2,34.7361457,10.742791
604,RENMIN UNIVERSITY OF CHINA,CHINA,828,7527,9.09,3,39.9695397,116.3071291
605,UNIVERSITY OF SOUTH CAROLINA COLUMBIA,USA,364,7512,20.64,8,33.9968529,-81.0276709
605,UNIVERSITY OF SOUTH CAROLINA SYSTEM,USA,364,7512,20.64,8,37.570304,-77.537784
607,ACADEMY OF MATHEMATICS & SYSTEM SCIENCES CAS,CHINA,465,7497,16.12,3,35.0,105.0
608,PURPLE MT LABS,,631,7485,11.86,12,18.78378,100.77899
609,INDIAN INSTITUTE OF TECHNOLOGY (IIT) - MADRAS,INDIA,789,7483,9.48,7,12.9941561,80.2366826
610,UNIVERSITY OF KENT,ENGLAND,549,7476,13.62,12,51.2950874,1.0673313
611,UNIVERSITE DE BORDEAUX,FRANCE,740,7465,10.09,3,44.8249738,-0.607076
612,XIANGTAN UNIVERSITY,CHINA,485,7446,15.35,14,27.8852618,112.8572449
613,YALE UNIVERSITY,USA,619,7443,12.02,5,39.6683274,-104.9269748
614,UNIVERSITY OF OKLAHOMA SYSTEM,USA,370,7430,20.08,7,37.570304,-77.537784
615,TRINITY COLLEGE DUBLIN,IRELAND,583,7390,12.68,6,53.3436671,-6.2544366
616,JOHANNES KEPLER UNIVERSITY LINZ,AUSTRIA,610,7382,12.1,2,48.33792,14.32071
617,LEIDEN UNIVERSITY - EXCL LUMC,NETHERLANDS,487,7381,15.16,9,52.25,5.75
618,CZECH TECHNICAL UNIVERSITY PRAGUE,CZECH REPUBLIC,743,7353,9.9,3,50.1029026,14.3946353
619,CZECH TECHNICAL UNIVERSITY PRAGUE,CZECH REPUBLIC,743,7353,9.9,3,50.1029026,14.3946353
620,BRAUNSCHWEIG UNIVERSITY OF TECHNOLOGY,GERMANY (FED REP GER),409,7322,17.9,9,51.5,10.5
621,UNIVERSITE FEDERALE TOULOUSE MIDI-PYRENEES (COMUE),FRANCE,742,7314,9.86,1,43.57574,1.402072
622,HUMBOLDT UNIVERSITY OF BERLIN,GERMANY (FED REP GER),551,7267,13.19,2,52.52437,13.41053
623,MAYO CLINIC,USA,276,7264,26.32,5,44.0225389,-92.4666075
624,LOUISIANA STATE UNIVERSITY,USA,495,7258,14.66,17,30.4062005,-91.1854129
625,ROCHESTER INSTITUTE OF TECHNOLOGY,USA,381,7247,19.02,4,43.0826701,-77.6729322
625,GEORGE WASHINGTON UNIVERSITY,USA,463,7247,15.65,3,38.8998938,-77.0474483
627,RICE UNIVERSITY,USA,449,7241,16.13,9,29.7167915,-95.4047811
628,KUNMING UNIVERSITY OF SCIENCE & TECHNOLOGY,CHINA,569,7226,12.7,3,24.8552956,102.8552716
629,UNIVERSITES DE STRASBOURG ETABLISSEMENTS ASSOCIES,FRANCE,379,7223,19.06,4,48.583324,7.764764
630,CEA,FRANCE,501,7218,14.41,8,46.1035246,-0.496507
631,UNIVERSITY OF BONN,GERMANY (FED REP GER),427,7187,16.83,6,50.73438,7.09549
632,BIRZEIT UNIVERSITY,PALESTINE,73,7180,98.36,8,31.95869,35.18071
633,UNIVERSITY OF IDAHO,USA,239,7169,30.0,8,46.7237978,-117.020439
634,PRINCE SATTAM BIN ABDULAZIZ UNIVERSITY,SAUDI ARABIA,1030,7145,6.94,9,24.1486906,47.2718897
635,UNIVERSITY OF FLORENCE,ITALY,605,7141,11.8,4,43.77925,11.24626
636,XINJIANG UNIVERSITY,CHINA,691,7137,10.33,3,43.7677182,87.6111589
637,UNIVERSITY OF ARKANSAS SYSTEM,USA,382,7115,18.63,7,37.570304,-77.537784
638,QUALCOMM,USA,389,7113,18.29,5,32.897262,-117.2185712
639,HENAN UNIVERSITY,CHINA,569,7030,12.36,11,34.8124658,114.3639396
640,TELECOM PARIS,FRANCE,671,7026,10.47,5,48.7131108,2.199685
641,LAWRENCE BERKELEY NATIONAL LABORATORY,USA,450,6997,15.55,8,37.8769588,-122.2456303
642,HENAN POLYTECHNIC UNIVERSITY,CHINA,547,6953,12.71,14,35.0,105.0
643,TIANJIN UNIVERSITY OF TECHNOLOGY,CHINA,464,6939,14.95,4,39.0621921,117.1333089
644,HEBEI UNIVERSITY OF TECHNOLOGY,CHINA,550,6932,12.6,11,37.9774255,114.5156097
645,INSTITUTO POLITECNICO NACIONAL - MEXICO,MEXICO,495,6891,13.92,5,19.4904434,-99.1326814
646,UNIVERSITY OF ROME TOR VERGATA,ITALY,499,6873,13.77,7,42.83333,12.83333
647,BIRLA INSTITUTE OF TECHNOLOGY & SCIENCE PILANI (BITS PILANI),INDIA,549,6858,12.49,7,15.3910477,73.8780016
647,UNIVERSITY OF GENOA,ITALY,595,6858,11.53,4,44.4148861,8.9266707
649,NEC CORPORATION,JAPAN,373,6845,18.35,4,35.68536,139.75309
650,UNIVERSITE GUSTAVE-EIFFEL,FRANCE,562,6816,12.13,6,48.8425993,2.5877352
651,NATIONAL INSTITUTE OF INFORMATICS (NII) - JAPAN,JAPAN,600,6806,11.34,5,35.68536,139.75309
652,SHAHID BAHONAR UNIVERSITY OF KERMAN (SBUK),IRAN,468,6782,14.49,5,29.75,57.25
653,UNIVERSITE DE MONTPELLIER,FRANCE,693,6758,9.75,3,43.6315655,3.8618177
654,K. N. TOOSI UNIVERSITY OF TECHNOLOGY,IRAN,570,6732,11.81,3,35.7644852,51.4097185
655,UNIV BOURGOGNE FRANCHE-COMTE COMUE,,620,6726,10.85,1,18.78378,100.77899
656,INSTITUTE OF SOFTWARE CAS,CHINA,790,6715,8.5,8,35.0,105.0
657,UNIVERSITY OF PORTSMOUTH,ENGLAND,326,6711,20.59,7,50.795245,-1.0935529
657,CHUNG ANG UNIVERSITY,SOUTH KOREA,644,6711,10.42,6,37.5080182,126.9612686
659,UNIVERSITY OF OKLAHOMA - NORMAN,USA,320,6697,20.93,7,35.1959878,-97.4457083
660,SHENZHEN RESEARCH INSTITUTE CITY UNIVERSITY OF HONG KONG,CHINA,241,6692,27.77,11,,
661,ECOLE POLYTECHNIQUE,FRANCE,581,6687,11.51,2,48.7127874,2.2107453
662,SOUTH CHINA NORMAL UNIVERSITY,CHINA,657,6680,10.17,8,23.142627,113.3394155
663,ISFAHAN UNIVERSITY OF TECHNOLOGY,IRAN,458,6679,14.58,5,32.7186844,51.5341465
664,SIMULA RES LAB,,285,6661,23.37,5,18.78378,100.77899
665,VRIJE UNIVERSITEIT BRUSSEL,BELGIUM,451,6652,14.75,6,50.8866772,4.3057494
666,UTAH STATE UNIVERSITY,USA,294,6613,22.49,6,41.7526959,-111.808733
667,UNIVERSITY OF SOUTHERN QUEENSLAND,AUSTRALIA,350,6612,18.89,14,-27.685222,152.90725
668,HEC MONTREAL,CANADA,230,6580,28.61,3,45.5036114,-73.6212922
669,UNIVERSITY OF TURKU,FINLAND,409,6554,16.02,10,60.4560731,22.2864097
670,ILLINOIS INSTITUTE OF TECHNOLOGY,USA,382,6553,17.15,2,41.8361641,-87.6264723
671,MIDDLESEX UNIVERSITY,ENGLAND,342,6544,19.13,8,51.6591227,-0.1333415
672,CURTIN UNIVERSITY,AUSTRALIA,467,6539,14.0,6,,
673,NORTH DAKOTA STATE UNIVERSITY FARGO,USA,262,6498,24.8,6,46.897155,-96.8182654
674,UNIVERSITY OF REGINA,CANADA,227,6493,28.6,6,50.4152275,-104.589
675,UNIVERSITY OF ARKANSAS FAYETTEVILLE,USA,329,6477,19.69,7,35.05266,-78.87836
676,HUNAN NORMAL UNIVERSITY,CHINA,560,6470,11.55,6,28.1909652,112.9450813
677,DELHI TECHNOLOGICAL UNIVERSITY,INDIA,603,6459,10.71,4,28.7508152,77.1162765
678,INDIAN INSTITUTE OF TECHNOLOGY BHU VARANASI (IIT BHU VARANASI),INDIA,491,6458,13.15,2,25.31668,83.01041
679,SHAOXING UNIVERSITY,CHINA,290,6452,22.25,17,29.9815292,120.5664365
680,INDIAN INSTITUTE OF SCIENCE (IISC) - BANGALORE,INDIA,756,6436,8.51,3,13.0222347,77.5671832
681,UNIVERSITY OF VIENNA,AUSTRIA,547,6423,11.74,5,48.2131469,16.35997
682,UNIVERSITY OF SHERBROOKE,CANADA,214,6417,29.99,4,45.40008,-71.89908
683,PICARDIE UNIV,,405,6416,15.84,6,18.78378,100.77899
684,SHIRAZ UNIVERSITY,IRAN,466,6415,13.77,4,29.6494974,52.5122319
685,SANDIA NATIONAL LABORATORIES,USA,450,6410,14.24,6,37.6736516,-121.7072096
686,UNIVERSITY OF NEW MEXICO,USA,418,6408,15.33,3,35.0866327,-106.6202094
687,COLORADO STATE UNIVERSITY,USA,387,6398,16.53,3,40.5706567,-105.0853995
687,NATIONAL INSTITUTE OF TECHNOLOGY ROURKELA,INDIA,538,6398,11.89,1,22.2501589,84.9066856
689,NATIONAL YUNLIN UNIVERSITY SCIENCE & TECHNOLOGY,TAIWAN,563,6394,11.36,14,23.6926012,120.5355247
690,SHIRAZ UNIVERSITY OF TECHNOLOGY,IRAN,390,6392,16.39,5,29.5837398,52.5800434
691,NORTHWEST UNIVERSITY XI'AN,CHINA,640,6370,9.95,5,34.2488975,108.9189773
692,NANTES UNIVERSITE,FRANCE,468,6341,13.55,5,47.2822396,-1.5151203
693,JORDAN UNIVERSITY OF SCIENCE & TECHNOLOGY,JORDAN,448,6338,14.15,3,32.4933999,35.9898545
694,OAK RIDGE NATIONAL LABORATORY,USA,513,6336,12.35,4,35.9301332,-84.3119307
695,UNIVERSITY OF RHODE ISLAND,USA,176,6328,35.95,6,41.4872969,-71.534465
696,MISSISSIPPI STATE UNIVERSITY,USA,356,6316,17.74,14,33.4386876,-88.7943232
697,LIVERPOOL JOHN MOORES UNIVERSITY,ENGLAND,286,6299,22.02,3,53.410799,-2.9886336
697,ERASMUS UNIVERSITY ROTTERDAM,NETHERLANDS,322,6299,19.56,6,51.9229232,4.4876249
699,UNIVERSITE CLAUDE BERNARD LYON 1,FRANCE,696,6290,9.04,5,45.7816645,4.8681545
700,INSTITUTE OF SCIENCE TOKYO,JAPAN,731,6289,8.6,2,35.5148297,139.4839706
701,FUJIAN UNIVERSITY OF TECHNOLOGY,CHINA,397,6285,15.83,7,26.0886465,119.3673436
702,NATIONAL INSTITUTE OF TECHNOLOGY PATNA,INDIA,499,6269,12.56,2,25.60222,85.11936
703,CONSEJO NACIONAL DE INVESTIGACIONES CIENTIFICAS Y TECNICAS (CONICET),ARGENTINA,688,6267,9.11,4,-42.7862795,-65.0076634
704,AL-BALQA APPLIED UNIVERSITY,JORDAN,303,6252,20.63,10,,
705,UNIVERSITY OF CAGLIARI,ITALY,421,6244,14.83,2,,
706,UNIVERSITE DE TUNIS-EL-MANAR,TUNISIA,528,6241,11.82,2,,
707,INDIAN INSTITUTE OF TECHNOLOGY (IIT) - INDORE,INDIA,410,6239,15.22,5,,
708,INHA UNIVERSITY,SOUTH KOREA,547,6234,11.4,6,,
709,UNIVERSITY OF ZARAGOZA,SPAIN,622,6226,10.01,0,,
710,UNIVERSIDADE DA CORUNA,SPAIN,553,6216,11.24,5,,
711,SHENZHEN RESEARCH INSTITUTE OF BIG DATA,CHINA,299,6207,20.76,15,,
712,AGH UNIVERSITY OF KRAKOW,POLAND,671,6205,9.25,1,,
713,BASQUE CENTER FOR APPLIED MATHEMATICS (BCAM),SPAIN,198,6192,31.27,6,40.0,-4.0
714,JIANGSU UNIVERSITY OF SCIENCE & TECHNOLOGY,CHINA,478,6185,12.94,3,,
715,UNIVERSITY OF PATRAS,GREECE,538,6181,11.49,4,38.2187045,21.7478949
716,LEBANESE AMERICAN UNIVERSITY,LEBANON,748,6171,8.25,27,33.8928356,35.4774984
717,GUANGXI UNIVERSITY,CHINA,667,6134,9.2,4,22.8465171,108.2909439
718,CITY UNIVERSITY OF NEW YORK (CUNY) SYSTEM,USA,411,6126,14.91,4,47.662374,-122.290702
719,ALIBABA GROUP,CHINA,661,6118,9.26,13,30.1918037,120.185449
720,FIRAT UNIVERSITY,TURKIYE,273,6114,22.4,5,39.0,35.0
721,NETAJI SUBHAS UNIVERSITY OF TECHNOLOGY,INDIA,586,6089,10.39,3,28.6109477,77.0384563
722,KYUSHU UNIVERSITY,JAPAN,615,6069,9.87,7,33.6707768,130.4444986
723,KING KHALID UNIVERSITY,SAUDI ARABIA,825,6057,7.34,6,18.0888407,42.721944
724,ACADEMIA SINICA - TAIWAN,TAIWAN,607,6018,9.91,3,23.5,121.0
725,MURORAN INSTITUTE OF TECHNOLOGY,JAPAN,240,6009,25.04,11,42.3789521,141.0330785
726,UNIVERSITY OF CALIFORNIA SANTA BARBARA,USA,569,5990,10.53,1,34.4146025,-119.84581
727,RUPRECHT KARLS UNIVERSITY HEIDELBERG,GERMANY (FED REP GER),345,5989,17.36,8,49.40768,8.69079
728,UNIVERSIDADE FORTALEZA,BRAZIL,187,5965,31.9,4,-3.7687254,-38.4776938
729,UNIVERSITY OF MILANO-BICOCCA,ITALY,535,5943,11.11,3,45.5183378,9.2131683
730,JIANGSU NORMAL UNIVERSITY,CHINA,242,5939,24.54,7,34.1974731,117.1733316
730,TOKYO INSTITUTE OF TECHNOLOGY,JAPAN,690,5939,8.61,2,35.6050381,139.6827407
732,UNIVERSITY OF MIAMI,USA,295,5932,20.11,9,25.7172724,-80.2787069
733,AUTONOMOUS UNIVERSITY OF MADRID,SPAIN,441,5931,13.45,4,40.42526,-3.69063
734,UNIVERSITY OF NORTH TEXAS SYSTEM,USA,380,5927,15.6,2,32.868567,-117.228836
735,UNIVERSITY OF NORTH TEXAS DENTON,USA,379,5926,15.64,2,33.2098926,-97.1514762
736,UNIVERSITY OF CONNECTICUT,USA,461,5925,12.85,1,41.8111114,-72.2484134
737,GWANGJU INSTITUTE OF SCIENCE & TECHNOLOGY (GIST),SOUTH KOREA,404,5922,14.66,4,35.2281557,126.8421662
738,EAST CHINA JIAOTONG UNIVERSITY,CHINA,518,5917,11.42,9,28.746982,115.864259
739,RENSSELAER POLYTECHNIC INSTITUTE,USA,421,5905,14.03,6,42.7298969,-73.6796678
740,UNIVERSITY OF STRATHCLYDE,SCOTLAND,392,5900,15.05,6,55.8618812,-4.2419566
741,UNIVERSIDADE NOVA DE LISBOA,PORTUGAL,461,5887,12.77,6,38.7328407,-9.1602002
742,UNIVERSITI PUTRA MALAYSIA,MALAYSIA,514,5884,11.45,6,2.9918365,101.720677
743,SRM INSTITUTE OF SCIENCE & TECHNOLOGY CHENNAI,INDIA,1147,5860,5.11,5,13.08784,80.27847
744,WROCLAW UNIVERSITY OF SCIENCE & TECHNOLOGY,POLAND,459,5848,12.74,5,51.1082768,17.065678
745,IMT ATLANTIQUE,FRANCE,477,5845,12.25,4,48.3606868,-4.5716376
746,UNIVERSITY OF HAMBURG,GERMANY (FED REP GER),394,5822,14.78,5,53.5669,9.98389
747,ZHENGZHOU UNIVERSITY OF LIGHT INDUSTRY,CHINA,543,5801,10.68,13,34.7982906,113.648757
748,UNIVERSITY OF SALAMANCA,SPAIN,303,5799,19.14,3,40.9621455,-5.6690588
749,AUTONOMOUS UNIVERSITY OF BARCELONA,SPAIN,512,5775,11.28,6,41.66667,2.0
750,MAASTRICHT UNIVERSITY,NETHERLANDS,339,5768,17.01,10,50.8472026,5.6859414
751,CHAUDHARY CHARAN SINGH UNIVERSITY,INDIA,204,5764,28.25,6,28.967017,77.7388619
752,WARSAW UNIVERSITY OF TECHNOLOGY,POLAND,521,5749,11.03,4,52.2216394,21.0073798
753,DURHAM UNIVERSITY,ENGLAND,540,5734,10.62,5,54.7748224,-1.5643586
754,UNIVERSIDADE FEDERAL DE PERNAMBUCO,BRAZIL,637,5730,9.0,1,-8.0524236,-34.9510615
755,UNIVERSITY OF MILAN,ITALY,671,5727,8.54,4,45.4798585,9.2282438
756,ITMO UNIVERSITY,RUSSIA,336,5720,17.02,3,59.9567751,30.308711
757,PRINCE SULTAN UNIVERSITY,SAUDI ARABIA,499,5713,11.45,6,24.7346126,46.6982246
758,BABOL NOSHIRVANI UNIVERSITY OF TECHNOLOGY,IRAN,239,5707,23.88,6,36.5616601,52.6815349
759,UNIVERSITY OF SHARJAH,UNITED ARAB EMIRATES,502,5688,11.33,4,25.2878292,55.478969
760,UNIVERSITY OF INNSBRUCK,AUSTRIA,367,5683,15.49,5,47.26266,11.39454
761,UNITED STATES DEPARTMENT OF AGRICULTURE (USDA),USA,304,5681,18.69,3,38.8878412,-77.029994
761,UNIVERSITY OF ALABAMA TUSCALOOSA,USA,350,5681,16.23,4,33.2120822,-87.5396735
763,QINGDAO UNIVERSITY OF SCIENCE & TECHNOLOGY,CHINA,379,5680,14.99,6,36.1245211,120.4803757
764,UNIVERSITY OF PAVIA,ITALY,318,5663,17.81,4,45.1869265,9.1568768
764,SYRACUSE UNIVERSITY,USA,319,5663,17.75,6,43.0171129,-76.1185536
764,UNIVERSITY OF PUNJAB,PAKISTAN,383,5663,14.79,2,31.4471128,74.2679132
767,EDINBURGH NAPIER UNIVERSITY,SCOTLAND,386,5653,14.65,10,55.9311064,-3.2093902
768,UNIVERSITY OF BARCELONA,SPAIN,367,5647,15.39,6,41.3868595,2.1634784
769,ANHUI UNIVERSITY OF TECHNOLOGY,CHINA,308,5629,18.28,6,32.6366249,117.0045828
770,PUSAN NATIONAL UNIVERSITY,SOUTH KOREA,414,5625,13.59,8,35.2343498,129.0784068
771,UNIVERSIDADE DE SANTIAGO DE COMPOSTELA,SPAIN,266,5623,21.14,6,42.8750598,-8.5592569
772,FENG CHIA UNIVERSITY,TAIWAN,569,5620,9.88,3,24.1800576,120.6483607
773,TENCENT,CHINA,562,5605,9.97,9,22.8378087,114.9922502
774,UMM AL QURA UNIVERSITY,SAUDI ARABIA,618,5602,9.06,2,21.324832,39.9448821
775,UNIVERSITE CATHOLIQUE LOUVAIN,BELGIUM,383,5589,14.59,4,50.8212127,4.3495534
776,COMPLUTENSE UNIVERSITY OF MADRID,SPAIN,708,5582,7.88,1,40.42526,-3.69063
777,UNIVERSITY OF CATANIA,ITALY,420,5570,13.26,2,37.49223,15.07041
778,UNIVERSIDAD DE CASTILLA-LA MANCHA,SPAIN,673,5559,8.26,3,38.9969805,-3.9179267
779,CASE WESTERN RESERVE UNIVERSITY,USA,311,5558,17.87,10,41.4960534,-81.4195174
779,DONGGUAN UNIVERSITY OF TECHNOLOGY,CHINA,373,5558,14.9,5,23.053483,113.7685185
781,EURECOM,FRANCE,334,5555,16.63,5,43.6143795,7.0712057
782,UNIV TORONTO AFFILIATES,,255,5542,21.73,7,18.78378,100.77899
783,UNIV CONFEDERALE LEONARD DE VINCI,,491,5539,11.28,4,18.78378,100.77899
784,NORTHEAST NORMAL UNIVERSITY - CHINA,CHINA,343,5536,16.14,4,35.0,105.0
785,AIX-MARSEILLE UNIVERSITE,FRANCE,625,5513,8.82,1,43.5259126,5.4141035
786,GERMAN AEROSPACE CENTRE (DLR),GERMANY (FED REP GER),367,5510,15.01,8,4.75,11.83333
787,LAKEHEAD UNIVERSITY,CANADA,247,5507,22.3,7,44.5921404,-79.4594792
788,ERCIYES UNIVERSITY,TURKIYE,232,5506,23.73,6,38.7073914,35.5337566
789,UNIVERSITY OF MURCIA,SPAIN,558,5484,9.83,3,37.98704,-1.13004
790,UNIVERSITY OF TURIN,ITALY,538,5478,10.18,4,45.0691151,7.6898971
791,BOGAZICI UNIVERSITY,TURKIYE,443,5474,12.36,3,41.0868841,29.0441317
792,UNIVERSITY OF JINAN,CHINA,415,5429,13.08,3,23.0169995,113.4122665
793,NANJING AGRICULTURAL UNIVERSITY,CHINA,334,5427,16.25,9,35.0,105.0
794,UNIVERSIDADE FEDERAL DO RIO GRANDE DO SUL,BRAZIL,589,5411,9.19,2,-30.033315,-51.219944
795,EMBRY-RIDDLE AERONAUTICAL UNIVERSITY,USA,195,5409,27.74,8,32.8972676,-80.0539221
796,UNIVERSITY OF NEW BRUNSWICK,CANADA,398,5407,13.59,3,45.9455202,-66.6401861
797,NATIONAL DONG HWA UNIVERSITY,TAIWAN,354,5405,15.27,4,23.8973249,121.542578
798,SHANTOU UNIVERSITY,CHINA,377,5399,14.32,8,23.4163248,116.6290685
799,ARGONNE NATIONAL LABORATORY,USA,469,5395,11.5,4,41.7091409,-87.9786221
800,VIRGINIA COMMONWEALTH UNIVERSITY,USA,345,5394,15.63,4,37.5461246,-77.4540609
801,INDIAN INSTITUTE OF TECHNOLOGY (IIT) - BOMBAY,INDIA,560,5385,9.62,4,19.1326186,72.9149702
801,AJOU UNIVERSITY,SOUTH KOREA,611,5385,8.81,1,37.2830024,127.0453782
803,ULSTER UNIVERSITY,NORTHERN IRELAND,376,5370,14.28,3,54.604374,-5.929176
804,OREGON STATE UNIVERSITY,USA,451,5368,11.9,2,44.5630559,-123.2839234
805,ENSTA PARIS,FRANCE,215,5344,24.86,2,,
806,WESTERN MICHIGAN UNIVERSITY,USA,117,5343,45.67,4,,
807,HACETTEPE UNIVERSITY,TURKIYE,358,5326,14.88,4,39.8674482,32.7353845
808,YUAN ZE UNIVERSITY,TAIWAN,528,5324,10.08,3,24.9686131,121.2675487
809,ISTITUTO DI SCIENZA E TECNOLOGIE DELL'INFORMAZIONE ALESSANDRO FAEDO (ISTI-CNR),ITALY,402,5323,13.24,4,46.19241,11.16128
810,INDIAN INSTITUTE OF TECHNOLOGY (IIT) - GUWAHATI,INDIA,644,5306,8.24,2,26.1924787,91.6946357
811,HEILONGJIANG UNIVERSITY,CHINA,296,5305,17.92,6,45.7066703,126.612399
812,TIANGONG UNIVERSITY,CHINA,454,5302,11.68,8,39.0645179,117.1052943
813,FORDHAM UNIVERSITY,USA,221,5289,23.93,4,40.8617344,-73.8860317
814,UNIVERSITY OF OVIEDO,SPAIN,531,5273,9.93,2,43.36029,-5.84476
815,UNIVERSITY OF WEST ENGLAND,ENGLAND,309,5251,16.99,5,51.5007679,-2.5503106
816,UNIVERSITY OF DUISBURG ESSEN,GERMANY (FED REP GER),408,5250,12.87,6,51.45657,7.01228
817,JAWAHARLAL NEHRU UNIVERSITY NEW DELHI,INDIA,430,5248,12.2,1,28.5401667,77.1645601
818,NANJING FORESTRY UNIVERSITY,CHINA,394,5247,13.32,8,32.0810664,118.811774
818,CNRS - NATIONAL INSTITUTE FOR MATHEMATICAL SCIENCES (INSMI),FRANCE,433,5247,12.12,2,48.654873,-2.023317
820,HUZHOU UNIVERSITY,CHINA,302,5242,17.36,14,35.0,105.0
821,UNIVERSIDADE DE VIGO,SPAIN,386,5241,13.58,4,42.1689885,-8.6837033
